/nfs/scratch/daniel.lang/comparative_triticeae/raw/T.aestivum/SRR10737427_1.fastq.gz, /nfs/pgsb/projects/comparative_triticeae/phenotype/flower_development/refsets/triticum/SRR10737427_1.fastq.gz
/nfs/scratch/daniel.lang/comparative_triticeae/raw/T.aestivum/SRR10737427_2.fastq.gz, /nfs/pgsb/projects/comparative_triticeae/phenotype/flower_development/refsets/triticum/SRR10737427_2.fastq.gz
/nfs/scratch/daniel.lang/comparative_triticeae/raw/T.aestivum/SRR10737428_1.fastq.gz, /nfs/pgsb/projects/comparative_triticeae/phenotype/flower_development/refsets/triticum/SRR10737428_1.fastq.gz
/nfs/scratch/daniel.lang/comparative_triticeae/raw/T.aestivum/SRR10737428_2.fastq.gz, /nfs/pgsb/projects/comparative_triticeae/phenotype/flower_development/refsets/triticum/SRR10737428_2.fastq.gz
/nfs/scratch/daniel.lang/comparative_triticeae/raw/T.aestivum/SRR10737429_1.fastq.gz, /nfs/pgsb/projects/comparative_triticeae/phenotype/flower_development/refsets/triticum/SRR10737429_1.fastq.gz
/nfs/scratch/daniel.lang/comparative_triticeae/raw/T.aestivum/SRR10737429_2.fastq.gz, /nfs/pgsb/projects/comparative_triticeae/phenotype/flower_development/refsets/triticum/SRR10737429_2.fastq.gz
/nfs/scratch/daniel.lang/comparative_triticeae/raw/T.aestivum/SRR10737430_1.fastq.gz, /nfs/pgsb/projects/comparative_triticeae/phenotype/flower_development/refsets/triticum/SRR10737430_1.fastq.gz
/nfs/scratch/daniel.lang/comparative_triticeae/raw/T.aestivum/SRR10737430_2.fastq.gz, /nfs/pgsb/projects/comparative_triticeae/phenotype/flower_development/refsets/triticum/SRR10737430_2.fastq.gz
/nfs/scratch/daniel.lang/comparative_triticeae/raw/T.aestivum/SRR10737431_1.fastq.gz, /nfs/pgsb/projects/comparative_triticeae/phenotype/flower_development/refsets/triticum/SRR10737431_1.fastq.gz
/nfs/scratch/daniel.lang/comparative_triticeae/raw/T.aestivum/SRR10737431_2.fastq.gz, /nfs/pgsb/projects/comparative_triticeae/phenotype/flower_development/refsets/triticum/SRR10737431_2.fastq.gz
/nfs/scratch/daniel.lang/comparative_triticeae/raw/T.aestivum/SRR10737432_1.fastq.gz, /nfs/pgsb/projects/comparative_triticeae/phenotype/flower_development/refsets/triticum/SRR10737432_1.fastq.gz
/nfs/scratch/daniel.lang/comparative_triticeae/raw/T.aestivum/SRR10737432_2.fastq.gz, /nfs/pgsb/projects/comparative_triticeae/phenotype/flower_development/refsets/triticum/SRR10737432_2.fastq.gz
, /nfs/pgsb/projects/comparative_triticeae/phenotype/flower_development/refsets/triticum/SRR7106399.fastq.gz
, /nfs/pgsb/projects/comparative_triticeae/phenotype/flower_development/refsets/triticum/SRR7106400.fastq.gz
/nfs/scratch/daniel.lang/comparative_triticeae/raw/T.aestivum/SRR7106401_1.fastq.gz, /nfs/pgsb/projects/comparative_triticeae/phenotype/flower_development/refsets/triticum/SRR7106401_1.fastq.gz
/nfs/scratch/daniel.lang/comparative_triticeae/raw/T.aestivum/SRR7106401_2.fastq.gz, /nfs/pgsb/projects/comparative_triticeae/phenotype/flower_development/refsets/triticum/SRR7106401_2.fastq.gz
, /nfs/pgsb/projects/comparative_triticeae/phenotype/flower_development/refsets/triticum/SRR7106402.fastq.gz
/nfs/scratch/daniel.lang/comparative_triticeae/raw/T.aestivum/SRR7106403_1.fastq.gz, /nfs/pgsb/projects/comparative_triticeae/phenotype/flower_development/refsets/triticum/SRR7106403_1.fastq.gz
/nfs/scratch/daniel.lang/comparative_triticeae/raw/T.aestivum/SRR7106403_2.fastq.gz, /nfs/pgsb/projects/comparative_triticeae/phenotype/flower_development/refsets/triticum/SRR7106403_2.fastq.gz
, /nfs/pgsb/projects/comparative_triticeae/phenotype/flower_development/refsets/triticum/SRR7106404.fastq.gz
/nfs/scratch/daniel.lang/comparative_triticeae/raw/T.aestivum/SRR5383964_1.fastq.gz, /nfs/pgsb/projects/comparative_triticeae/phenotype/flower_development/refsets/triticum/SRR5383964_1.fastq.gz
/nfs/scratch/daniel.lang/comparative_triticeae/raw/T.aestivum/SRR5383964_2.fastq.gz, /nfs/pgsb/projects/comparative_triticeae/phenotype/flower_development/refsets/triticum/SRR5383964_2.fastq.gz
/nfs/scratch/daniel.lang/comparative_triticeae/raw/T.aestivum/SRR5383963_1.fastq.gz, /nfs/pgsb/projects/comparative_triticeae/phenotype/flower_development/refsets/triticum/SRR5383963_1.fastq.gz
/nfs/scratch/daniel.lang/comparative_triticeae/raw/T.aestivum/SRR5383963_2.fastq.gz, /nfs/pgsb/projects/comparative_triticeae/phenotype/flower_development/refsets/triticum/SRR5383963_2.fastq.gz
/nfs/scratch/daniel.lang/comparative_triticeae/raw/T.aestivum/SRR5383962_1.fastq.gz, /nfs/pgsb/projects/comparative_triticeae/phenotype/flower_development/refsets/triticum/SRR5383962_1.fastq.gz
/nfs/scratch/daniel.lang/comparative_triticeae/raw/T.aestivum/SRR5383962_2.fastq.gz, /nfs/pgsb/projects/comparative_triticeae/phenotype/flower_development/refsets/triticum/SRR5383962_2.fastq.gz
/nfs/scratch/daniel.lang/comparative_triticeae/raw/T.aestivum/SRR5383961_1.fastq.gz, /nfs/pgsb/projects/comparative_triticeae/phenotype/flower_development/refsets/triticum/SRR5383961_1.fastq.gz
/nfs/scratch/daniel.lang/comparative_triticeae/raw/T.aestivum/SRR5383961_2.fastq.gz, /nfs/pgsb/projects/comparative_triticeae/phenotype/flower_development/refsets/triticum/SRR5383961_2.fastq.gz
/nfs/scratch/daniel.lang/comparative_triticeae/raw/T.aestivum/SRR5383960_1.fastq.gz, /nfs/pgsb/projects/comparative_triticeae/phenotype/flower_development/refsets/triticum/SRR5383960_1.fastq.gz
/nfs/scratch/daniel.lang/comparative_triticeae/raw/T.aestivum/SRR5383960_2.fastq.gz, /nfs/pgsb/projects/comparative_triticeae/phenotype/flower_development/refsets/triticum/SRR5383960_2.fastq.gz
/nfs/scratch/daniel.lang/comparative_triticeae/raw/T.aestivum/SRR5383959_1.fastq.gz, /nfs/pgsb/projects/comparative_triticeae/phenotype/flower_development/refsets/triticum/SRR5383959_1.fastq.gz
/nfs/scratch/daniel.lang/comparative_triticeae/raw/T.aestivum/SRR5383959_2.fastq.gz, /nfs/pgsb/projects/comparative_triticeae/phenotype/flower_development/refsets/triticum/SRR5383959_2.fastq.gz
/nfs/scratch/daniel.lang/comparative_triticeae/raw/T.aestivum/SRR5383957_1.fastq.gz, /nfs/pgsb/projects/comparative_triticeae/phenotype/flower_development/refsets/triticum/SRR5383957_1.fastq.gz
/nfs/scratch/daniel.lang/comparative_triticeae/raw/T.aestivum/SRR5383957_2.fastq.gz, /nfs/pgsb/projects/comparative_triticeae/phenotype/flower_development/refsets/triticum/SRR5383957_2.fastq.gz
/nfs/scratch/daniel.lang/comparative_triticeae/raw/T.aestivum/SRR5383955_1.fastq.gz, /nfs/pgsb/projects/comparative_triticeae/phenotype/flower_development/refsets/triticum/SRR5383955_1.fastq.gz
/nfs/scratch/daniel.lang/comparative_triticeae/raw/T.aestivum/SRR5383955_2.fastq.gz, /nfs/pgsb/projects/comparative_triticeae/phenotype/flower_development/refsets/triticum/SRR5383955_2.fastq.gz
/nfs/scratch/daniel.lang/comparative_triticeae/raw/T.aestivum/SRR5383954_1.fastq.gz, /nfs/pgsb/projects/comparative_triticeae/phenotype/flower_development/refsets/triticum/SRR5383954_1.fastq.gz
/nfs/scratch/daniel.lang/comparative_triticeae/raw/T.aestivum/SRR5383954_2.fastq.gz, /nfs/pgsb/projects/comparative_triticeae/phenotype/flower_development/refsets/triticum/SRR5383954_2.fastq.gz
/nfs/scratch/daniel.lang/comparative_triticeae/raw/T.aestivum/SRR5383952_1.fastq.gz, /nfs/pgsb/projects/comparative_triticeae/phenotype/flower_development/refsets/triticum/SRR5383952_1.fastq.gz
/nfs/scratch/daniel.lang/comparative_triticeae/raw/T.aestivum/SRR5383952_2.fastq.gz, /nfs/pgsb/projects/comparative_triticeae/phenotype/flower_development/refsets/triticum/SRR5383952_2.fastq.gz
/nfs/scratch/daniel.lang/comparative_triticeae/raw/T.aestivum/SRR5383950_1.fastq.gz, /nfs/pgsb/projects/comparative_triticeae/phenotype/flower_development/refsets/triticum/SRR5383950_1.fastq.gz
/nfs/scratch/daniel.lang/comparative_triticeae/raw/T.aestivum/SRR5383950_2.fastq.gz, /nfs/pgsb/projects/comparative_triticeae/phenotype/flower_development/refsets/triticum/SRR5383950_2.fastq.gz
/nfs/scratch/daniel.lang/comparative_triticeae/raw/T.aestivum/SRR5383948_1.fastq.gz, /nfs/pgsb/projects/comparative_triticeae/phenotype/flower_development/refsets/triticum/SRR5383948_1.fastq.gz
/nfs/scratch/daniel.lang/comparative_triticeae/raw/T.aestivum/SRR5383948_2.fastq.gz, /nfs/pgsb/projects/comparative_triticeae/phenotype/flower_development/refsets/triticum/SRR5383948_2.fastq.gz
/nfs/scratch/daniel.lang/comparative_triticeae/raw/T.aestivum/SRR5383947_1.fastq.gz, /nfs/pgsb/projects/comparative_triticeae/phenotype/flower_development/refsets/triticum/SRR5383947_1.fastq.gz
/nfs/scratch/daniel.lang/comparative_triticeae/raw/T.aestivum/SRR5383947_2.fastq.gz, /nfs/pgsb/projects/comparative_triticeae/phenotype/flower_development/refsets/triticum/SRR5383947_2.fastq.gz
/nfs/scratch/daniel.lang/comparative_triticeae/raw/T.aestivum/SRR5383945_1.fastq.gz, /nfs/pgsb/projects/comparative_triticeae/phenotype/flower_development/refsets/triticum/SRR5383945_1.fastq.gz
/nfs/scratch/daniel.lang/comparative_triticeae/raw/T.aestivum/SRR5383945_2.fastq.gz, /nfs/pgsb/projects/comparative_triticeae/phenotype/flower_development/refsets/triticum/SRR5383945_2.fastq.gz
/nfs/scratch/daniel.lang/comparative_triticeae/raw/T.aestivum/SRR5383944_1.fastq.gz, /nfs/pgsb/projects/comparative_triticeae/phenotype/flower_development/refsets/triticum/SRR5383944_1.fastq.gz
/nfs/scratch/daniel.lang/comparative_triticeae/raw/T.aestivum/SRR5383944_2.fastq.gz, /nfs/pgsb/projects/comparative_triticeae/phenotype/flower_development/refsets/triticum/SRR5383944_2.fastq.gz
/nfs/scratch/daniel.lang/comparative_triticeae/raw/T.aestivum/SRR5383941_1.fastq.gz, /nfs/pgsb/projects/comparative_triticeae/phenotype/flower_development/refsets/triticum/SRR5383941_1.fastq.gz
/nfs/scratch/daniel.lang/comparative_triticeae/raw/T.aestivum/SRR5383941_2.fastq.gz, /nfs/pgsb/projects/comparative_triticeae/phenotype/flower_development/refsets/triticum/SRR5383941_2.fastq.gz
/nfs/scratch/daniel.lang/comparative_triticeae/raw/T.aestivum/SRR5383938_1.fastq.gz, /nfs/pgsb/projects/comparative_triticeae/phenotype/flower_development/refsets/triticum/SRR5383938_1.fastq.gz
/nfs/scratch/daniel.lang/comparative_triticeae/raw/T.aestivum/SRR5383938_2.fastq.gz, /nfs/pgsb/projects/comparative_triticeae/phenotype/flower_development/refsets/triticum/SRR5383938_2.fastq.gz
/nfs/scratch/daniel.lang/comparative_triticeae/raw/T.aestivum/SRR5383936_1.fastq.gz, /nfs/pgsb/projects/comparative_triticeae/phenotype/flower_development/refsets/triticum/SRR5383936_1.fastq.gz
/nfs/scratch/daniel.lang/comparative_triticeae/raw/T.aestivum/SRR5383936_2.fastq.gz, /nfs/pgsb/projects/comparative_triticeae/phenotype/flower_development/refsets/triticum/SRR5383936_2.fastq.gz
/nfs/scratch/daniel.lang/comparative_triticeae/raw/T.aestivum/SRR5383935_1.fastq.gz, /nfs/pgsb/projects/comparative_triticeae/phenotype/flower_development/refsets/triticum/SRR5383935_1.fastq.gz
/nfs/scratch/daniel.lang/comparative_triticeae/raw/T.aestivum/SRR5383935_2.fastq.gz, /nfs/pgsb/projects/comparative_triticeae/phenotype/flower_development/refsets/triticum/SRR5383935_2.fastq.gz
/nfs/scratch/daniel.lang/comparative_triticeae/raw/T.aestivum/SRR5383934_1.fastq.gz, /nfs/pgsb/projects/comparative_triticeae/phenotype/flower_development/refsets/triticum/SRR5383934_1.fastq.gz
/nfs/scratch/daniel.lang/comparative_triticeae/raw/T.aestivum/SRR5383934_2.fastq.gz, /nfs/pgsb/projects/comparative_triticeae/phenotype/flower_development/refsets/triticum/SRR5383934_2.fastq.gz
/nfs/scratch/daniel.lang/comparative_triticeae/raw/T.aestivum/SRR5383933_1.fastq.gz, /nfs/pgsb/projects/comparative_triticeae/phenotype/flower_development/refsets/triticum/SRR5383933_1.fastq.gz
/nfs/scratch/daniel.lang/comparative_triticeae/raw/T.aestivum/SRR5383933_2.fastq.gz, /nfs/pgsb/projects/comparative_triticeae/phenotype/flower_development/refsets/triticum/SRR5383933_2.fastq.gz
/nfs/scratch/daniel.lang/comparative_triticeae/raw/T.aestivum/SRR5383901_1.fastq.gz, /nfs/pgsb/projects/comparative_triticeae/phenotype/flower_development/refsets/triticum/SRR5383901_1.fastq.gz
/nfs/scratch/daniel.lang/comparative_triticeae/raw/T.aestivum/SRR5383901_2.fastq.gz, /nfs/pgsb/projects/comparative_triticeae/phenotype/flower_development/refsets/triticum/SRR5383901_2.fastq.gz
/nfs/scratch/daniel.lang/comparative_triticeae/raw/T.aestivum/SRR5383900_1.fastq.gz, /nfs/pgsb/projects/comparative_triticeae/phenotype/flower_development/refsets/triticum/SRR5383900_1.fastq.gz
/nfs/scratch/daniel.lang/comparative_triticeae/raw/T.aestivum/SRR5383900_2.fastq.gz, /nfs/pgsb/projects/comparative_triticeae/phenotype/flower_development/refsets/triticum/SRR5383900_2.fastq.gz
/nfs/scratch/daniel.lang/comparative_triticeae/raw/T.aestivum/SRR5383650_1.fastq.gz, /nfs/pgsb/projects/comparative_triticeae/phenotype/flower_development/refsets/triticum/SRR5383650_1.fastq.gz
/nfs/scratch/daniel.lang/comparative_triticeae/raw/T.aestivum/SRR5383650_2.fastq.gz, /nfs/pgsb/projects/comparative_triticeae/phenotype/flower_development/refsets/triticum/SRR5383650_2.fastq.gz
/nfs/scratch/daniel.lang/comparative_triticeae/raw/T.aestivum/SRR1177761_1.fastq.gz, /nfs/pgsb/projects/comparative_triticeae/phenotype/flower_development/refsets/triticum/SRR1177761_1.fastq.gz
/nfs/scratch/daniel.lang/comparative_triticeae/raw/T.aestivum/SRR1177761_2.fastq.gz, /nfs/pgsb/projects/comparative_triticeae/phenotype/flower_development/refsets/triticum/SRR1177761_2.fastq.gz
/nfs/scratch/daniel.lang/comparative_triticeae/raw/T.aestivum/SRR1177760_1.fastq.gz, /nfs/pgsb/projects/comparative_triticeae/phenotype/flower_development/refsets/triticum/SRR1177760_1.fastq.gz
/nfs/scratch/daniel.lang/comparative_triticeae/raw/T.aestivum/SRR1177760_2.fastq.gz, /nfs/pgsb/projects/comparative_triticeae/phenotype/flower_development/refsets/triticum/SRR1177760_2.fastq.gz
/nfs/scratch/daniel.lang/comparative_triticeae/raw/T.aestivum/SRR1175868_1.fastq.gz, /nfs/pgsb/projects/comparative_triticeae/phenotype/flower_development/refsets/triticum/SRR1175868_1.fastq.gz
/nfs/scratch/daniel.lang/comparative_triticeae/raw/T.aestivum/SRR1175868_2.fastq.gz, /nfs/pgsb/projects/comparative_triticeae/phenotype/flower_development/refsets/triticum/SRR1175868_2.fastq.gz
/nfs/scratch/daniel.lang/comparative_triticeae/raw/T.aestivum/ERR424721_1.fastq.gz, /nfs/pgsb/projects/comparative_triticeae/phenotype/flower_development/refsets/triticum/ERR424721_1.fastq.gz
/nfs/scratch/daniel.lang/comparative_triticeae/raw/T.aestivum/ERR424721_2.fastq.gz, /nfs/pgsb/projects/comparative_triticeae/phenotype/flower_development/refsets/triticum/ERR424721_2.fastq.gz
/nfs/scratch/daniel.lang/comparative_triticeae/raw/T.aestivum/ERR424724_1.fastq.gz, /nfs/pgsb/projects/comparative_triticeae/phenotype/flower_development/refsets/triticum/ERR424724_1.fastq.gz
/nfs/scratch/daniel.lang/comparative_triticeae/raw/T.aestivum/ERR424724_2.fastq.gz, /nfs/pgsb/projects/comparative_triticeae/phenotype/flower_development/refsets/triticum/ERR424724_2.fastq.gz
/nfs/scratch/daniel.lang/comparative_triticeae/raw/T.aestivum/ERR424726_1.fastq.gz, /nfs/pgsb/projects/comparative_triticeae/phenotype/flower_development/refsets/triticum/ERR424726_1.fastq.gz
/nfs/scratch/daniel.lang/comparative_triticeae/raw/T.aestivum/ERR424726_2.fastq.gz, /nfs/pgsb/projects/comparative_triticeae/phenotype/flower_development/refsets/triticum/ERR424726_2.fastq.gz
/nfs/scratch/daniel.lang/comparative_triticeae/raw/T.aestivum/ERR424727_1.fastq.gz, /nfs/pgsb/projects/comparative_triticeae/phenotype/flower_development/refsets/triticum/ERR424727_1.fastq.gz
/nfs/scratch/daniel.lang/comparative_triticeae/raw/T.aestivum/ERR424727_2.fastq.gz, /nfs/pgsb/projects/comparative_triticeae/phenotype/flower_development/refsets/triticum/ERR424727_2.fastq.gz
/nfs/scratch/daniel.lang/comparative_triticeae/raw/T.aestivum/ERR424728_1.fastq.gz, /nfs/pgsb/projects/comparative_triticeae/phenotype/flower_development/refsets/triticum/ERR424728_1.fastq.gz
/nfs/scratch/daniel.lang/comparative_triticeae/raw/T.aestivum/ERR424728_2.fastq.gz, /nfs/pgsb/projects/comparative_triticeae/phenotype/flower_development/refsets/triticum/ERR424728_2.fastq.gz
/nfs/scratch/daniel.lang/comparative_triticeae/raw/T.aestivum/ERR424730_1.fastq.gz, /nfs/pgsb/projects/comparative_triticeae/phenotype/flower_development/refsets/triticum/ERR424730_1.fastq.gz
/nfs/scratch/daniel.lang/comparative_triticeae/raw/T.aestivum/ERR424730_2.fastq.gz, /nfs/pgsb/projects/comparative_triticeae/phenotype/flower_development/refsets/triticum/ERR424730_2.fastq.gz
/nfs/scratch/daniel.lang/comparative_triticeae/raw/T.aestivum/ERR424732_1.fastq.gz, /nfs/pgsb/projects/comparative_triticeae/phenotype/flower_development/refsets/triticum/ERR424732_1.fastq.gz
/nfs/scratch/daniel.lang/comparative_triticeae/raw/T.aestivum/ERR424732_2.fastq.gz, /nfs/pgsb/projects/comparative_triticeae/phenotype/flower_development/refsets/triticum/ERR424732_2.fastq.gz
/nfs/scratch/daniel.lang/comparative_triticeae/raw/T.aestivum/ERR424733_1.fastq.gz, /nfs/pgsb/projects/comparative_triticeae/phenotype/flower_development/refsets/triticum/ERR424733_1.fastq.gz
/nfs/scratch/daniel.lang/comparative_triticeae/raw/T.aestivum/ERR424733_2.fastq.gz, /nfs/pgsb/projects/comparative_triticeae/phenotype/flower_development/refsets/triticum/ERR424733_2.fastq.gz
/nfs/scratch/daniel.lang/comparative_triticeae/raw/T.aestivum/ERR424734_1.fastq.gz, /nfs/pgsb/projects/comparative_triticeae/phenotype/flower_development/refsets/triticum/ERR424734_1.fastq.gz
/nfs/scratch/daniel.lang/comparative_triticeae/raw/T.aestivum/ERR424734_2.fastq.gz, /nfs/pgsb/projects/comparative_triticeae/phenotype/flower_development/refsets/triticum/ERR424734_2.fastq.gz
/nfs/scratch/daniel.lang/comparative_triticeae/raw/T.aestivum/ERR424735_1.fastq.gz, /nfs/pgsb/projects/comparative_triticeae/phenotype/flower_development/refsets/triticum/ERR424735_1.fastq.gz
/nfs/scratch/daniel.lang/comparative_triticeae/raw/T.aestivum/ERR424735_2.fastq.gz, /nfs/pgsb/projects/comparative_triticeae/phenotype/flower_development/refsets/triticum/ERR424735_2.fastq.gz
/nfs/scratch/daniel.lang/comparative_triticeae/raw/T.aestivum/ERR424739_1.fastq.gz, /nfs/pgsb/projects/comparative_triticeae/phenotype/flower_development/refsets/triticum/ERR424739_1.fastq.gz
/nfs/scratch/daniel.lang/comparative_triticeae/raw/T.aestivum/ERR424739_2.fastq.gz, /nfs/pgsb/projects/comparative_triticeae/phenotype/flower_development/refsets/triticum/ERR424739_2.fastq.gz
/nfs/scratch/daniel.lang/comparative_triticeae/raw/T.aestivum/ERR424743_1.fastq.gz, /nfs/pgsb/projects/comparative_triticeae/phenotype/flower_development/refsets/triticum/ERR424743_1.fastq.gz
/nfs/scratch/daniel.lang/comparative_triticeae/raw/T.aestivum/ERR424743_2.fastq.gz, /nfs/pgsb/projects/comparative_triticeae/phenotype/flower_development/refsets/triticum/ERR424743_2.fastq.gz
/nfs/scratch/daniel.lang/comparative_triticeae/raw/T.aestivum/ERR424748_1.fastq.gz, /nfs/pgsb/projects/comparative_triticeae/phenotype/flower_development/refsets/triticum/ERR424748_1.fastq.gz
/nfs/scratch/daniel.lang/comparative_triticeae/raw/T.aestivum/ERR424748_2.fastq.gz, /nfs/pgsb/projects/comparative_triticeae/phenotype/flower_development/refsets/triticum/ERR424748_2.fastq.gz
/nfs/scratch/daniel.lang/comparative_triticeae/raw/T.aestivum/ERR424749_1.fastq.gz, /nfs/pgsb/projects/comparative_triticeae/phenotype/flower_development/refsets/triticum/ERR424749_1.fastq.gz
/nfs/scratch/daniel.lang/comparative_triticeae/raw/T.aestivum/ERR424749_2.fastq.gz, /nfs/pgsb/projects/comparative_triticeae/phenotype/flower_development/refsets/triticum/ERR424749_2.fastq.gz
/nfs/scratch/daniel.lang/comparative_triticeae/raw/T.aestivum/ERR424750_1.fastq.gz, /nfs/pgsb/projects/comparative_triticeae/phenotype/flower_development/refsets/triticum/ERR424750_1.fastq.gz
/nfs/scratch/daniel.lang/comparative_triticeae/raw/T.aestivum/ERR424750_2.fastq.gz, /nfs/pgsb/projects/comparative_triticeae/phenotype/flower_development/refsets/triticum/ERR424750_2.fastq.gz
/nfs/scratch/daniel.lang/comparative_triticeae/raw/T.aestivum/ERR424753_1.fastq.gz, /nfs/pgsb/projects/comparative_triticeae/phenotype/flower_development/refsets/triticum/ERR424753_1.fastq.gz
/nfs/scratch/daniel.lang/comparative_triticeae/raw/T.aestivum/ERR424753_2.fastq.gz, /nfs/pgsb/projects/comparative_triticeae/phenotype/flower_development/refsets/triticum/ERR424753_2.fastq.gz
/nfs/scratch/daniel.lang/comparative_triticeae/raw/T.aestivum/ERR424754_1.fastq.gz, /nfs/pgsb/projects/comparative_triticeae/phenotype/flower_development/refsets/triticum/ERR424754_1.fastq.gz
/nfs/scratch/daniel.lang/comparative_triticeae/raw/T.aestivum/ERR424754_2.fastq.gz, /nfs/pgsb/projects/comparative_triticeae/phenotype/flower_development/refsets/triticum/ERR424754_2.fastq.gz
/nfs/scratch/daniel.lang/comparative_triticeae/raw/T.aestivum/ERR424756_1.fastq.gz, /nfs/pgsb/projects/comparative_triticeae/phenotype/flower_development/refsets/triticum/ERR424756_1.fastq.gz
/nfs/scratch/daniel.lang/comparative_triticeae/raw/T.aestivum/ERR424756_2.fastq.gz, /nfs/pgsb/projects/comparative_triticeae/phenotype/flower_development/refsets/triticum/ERR424756_2.fastq.gz
/nfs/scratch/daniel.lang/comparative_triticeae/raw/T.aestivum/ERR424758_1.fastq.gz, /nfs/pgsb/projects/comparative_triticeae/phenotype/flower_development/refsets/triticum/ERR424758_1.fastq.gz
/nfs/scratch/daniel.lang/comparative_triticeae/raw/T.aestivum/ERR424758_2.fastq.gz, /nfs/pgsb/projects/comparative_triticeae/phenotype/flower_development/refsets/triticum/ERR424758_2.fastq.gz
/nfs/scratch/daniel.lang/comparative_triticeae/raw/T.aestivum/ERR424761_1.fastq.gz, /nfs/pgsb/projects/comparative_triticeae/phenotype/flower_development/refsets/triticum/ERR424761_1.fastq.gz
/nfs/scratch/daniel.lang/comparative_triticeae/raw/T.aestivum/ERR424761_2.fastq.gz, /nfs/pgsb/projects/comparative_triticeae/phenotype/flower_development/refsets/triticum/ERR424761_2.fastq.gz
/nfs/scratch/daniel.lang/comparative_triticeae/raw/T.aestivum/ERR424762_1.fastq.gz, /nfs/pgsb/projects/comparative_triticeae/phenotype/flower_development/refsets/triticum/ERR424762_1.fastq.gz
/nfs/scratch/daniel.lang/comparative_triticeae/raw/T.aestivum/ERR424762_2.fastq.gz, /nfs/pgsb/projects/comparative_triticeae/phenotype/flower_development/refsets/triticum/ERR424762_2.fastq.gz
/nfs/scratch/daniel.lang/comparative_triticeae/raw/T.aestivum/ERR424765_1.fastq.gz, /nfs/pgsb/projects/comparative_triticeae/phenotype/flower_development/refsets/triticum/ERR424765_1.fastq.gz
/nfs/scratch/daniel.lang/comparative_triticeae/raw/T.aestivum/ERR424765_2.fastq.gz, /nfs/pgsb/projects/comparative_triticeae/phenotype/flower_development/refsets/triticum/ERR424765_2.fastq.gz
/nfs/scratch/daniel.lang/comparative_triticeae/raw/T.aestivum/ERR424767_1.fastq.gz, /nfs/pgsb/projects/comparative_triticeae/phenotype/flower_development/refsets/triticum/ERR424767_1.fastq.gz
/nfs/scratch/daniel.lang/comparative_triticeae/raw/T.aestivum/ERR424767_2.fastq.gz, /nfs/pgsb/projects/comparative_triticeae/phenotype/flower_development/refsets/triticum/ERR424767_2.fastq.gz
/nfs/scratch/daniel.lang/comparative_triticeae/raw/T.aestivum/ERR424769_1.fastq.gz, /nfs/pgsb/projects/comparative_triticeae/phenotype/flower_development/refsets/triticum/ERR424769_1.fastq.gz
/nfs/scratch/daniel.lang/comparative_triticeae/raw/T.aestivum/ERR424769_2.fastq.gz, /nfs/pgsb/projects/comparative_triticeae/phenotype/flower_development/refsets/triticum/ERR424769_2.fastq.gz
/nfs/scratch/daniel.lang/comparative_triticeae/raw/T.aestivum/ERR424770_1.fastq.gz, /nfs/pgsb/projects/comparative_triticeae/phenotype/flower_development/refsets/triticum/ERR424770_1.fastq.gz
/nfs/scratch/daniel.lang/comparative_triticeae/raw/T.aestivum/ERR424770_2.fastq.gz, /nfs/pgsb/projects/comparative_triticeae/phenotype/flower_development/refsets/triticum/ERR424770_2.fastq.gz
/nfs/scratch/daniel.lang/comparative_triticeae/raw/T.aestivum/ERR424772_1.fastq.gz, /nfs/pgsb/projects/comparative_triticeae/phenotype/flower_development/refsets/triticum/ERR424772_1.fastq.gz
/nfs/scratch/daniel.lang/comparative_triticeae/raw/T.aestivum/ERR424772_2.fastq.gz, /nfs/pgsb/projects/comparative_triticeae/phenotype/flower_development/refsets/triticum/ERR424772_2.fastq.gz
/nfs/scratch/daniel.lang/comparative_triticeae/raw/T.aestivum/ERR424774_1.fastq.gz, /nfs/pgsb/projects/comparative_triticeae/phenotype/flower_development/refsets/triticum/ERR424774_1.fastq.gz
/nfs/scratch/daniel.lang/comparative_triticeae/raw/T.aestivum/ERR424774_2.fastq.gz, /nfs/pgsb/projects/comparative_triticeae/phenotype/flower_development/refsets/triticum/ERR424774_2.fastq.gz
/nfs/scratch/daniel.lang/comparative_triticeae/raw/T.aestivum/ERR424775_1.fastq.gz, /nfs/pgsb/projects/comparative_triticeae/phenotype/flower_development/refsets/triticum/ERR424775_1.fastq.gz
/nfs/scratch/daniel.lang/comparative_triticeae/raw/T.aestivum/ERR424775_2.fastq.gz, /nfs/pgsb/projects/comparative_triticeae/phenotype/flower_development/refsets/triticum/ERR424775_2.fastq.gz
/nfs/scratch/daniel.lang/comparative_triticeae/raw/T.aestivum/ERR424776_1.fastq.gz, /nfs/pgsb/projects/comparative_triticeae/phenotype/flower_development/refsets/triticum/ERR424776_1.fastq.gz
/nfs/scratch/daniel.lang/comparative_triticeae/raw/T.aestivum/ERR424776_2.fastq.gz, /nfs/pgsb/projects/comparative_triticeae/phenotype/flower_development/refsets/triticum/ERR424776_2.fastq.gz
/nfs/scratch/daniel.lang/comparative_triticeae/raw/T.aestivum/ERR424777_1.fastq.gz, /nfs/pgsb/projects/comparative_triticeae/phenotype/flower_development/refsets/triticum/ERR424777_1.fastq.gz
/nfs/scratch/daniel.lang/comparative_triticeae/raw/T.aestivum/ERR424777_2.fastq.gz, /nfs/pgsb/projects/comparative_triticeae/phenotype/flower_development/refsets/triticum/ERR424777_2.fastq.gz
/nfs/scratch/daniel.lang/comparative_triticeae/raw/T.aestivum/SRR3659902_1.fastq.gz, /nfs/pgsb/projects/comparative_triticeae/phenotype/flower_development/refsets/triticum/SRR3659902_1.fastq.gz
/nfs/scratch/daniel.lang/comparative_triticeae/raw/T.aestivum/SRR3659902_2.fastq.gz, /nfs/pgsb/projects/comparative_triticeae/phenotype/flower_development/refsets/triticum/SRR3659902_2.fastq.gz
/nfs/scratch/daniel.lang/comparative_triticeae/raw/T.aestivum/SRR3659901_1.fastq.gz, /nfs/pgsb/projects/comparative_triticeae/phenotype/flower_development/refsets/triticum/SRR3659901_1.fastq.gz
/nfs/scratch/daniel.lang/comparative_triticeae/raw/T.aestivum/SRR3659901_2.fastq.gz, /nfs/pgsb/projects/comparative_triticeae/phenotype/flower_development/refsets/triticum/SRR3659901_2.fastq.gz
/nfs/scratch/daniel.lang/comparative_triticeae/raw/T.aestivum/SRR3659900_1.fastq.gz, /nfs/pgsb/projects/comparative_triticeae/phenotype/flower_development/refsets/triticum/SRR3659900_1.fastq.gz
/nfs/scratch/daniel.lang/comparative_triticeae/raw/T.aestivum/SRR3659900_2.fastq.gz, /nfs/pgsb/projects/comparative_triticeae/phenotype/flower_development/refsets/triticum/SRR3659900_2.fastq.gz
/nfs/scratch/daniel.lang/comparative_triticeae/raw/T.aestivum/SRR3659899_1.fastq.gz, /nfs/pgsb/projects/comparative_triticeae/phenotype/flower_development/refsets/triticum/SRR3659899_1.fastq.gz
/nfs/scratch/daniel.lang/comparative_triticeae/raw/T.aestivum/SRR3659899_2.fastq.gz, /nfs/pgsb/projects/comparative_triticeae/phenotype/flower_development/refsets/triticum/SRR3659899_2.fastq.gz
/nfs/scratch/daniel.lang/comparative_triticeae/raw/T.aestivum/SRR3659898_1.fastq.gz, /nfs/pgsb/projects/comparative_triticeae/phenotype/flower_development/refsets/triticum/SRR3659898_1.fastq.gz
/nfs/scratch/daniel.lang/comparative_triticeae/raw/T.aestivum/SRR3659898_2.fastq.gz, /nfs/pgsb/projects/comparative_triticeae/phenotype/flower_development/refsets/triticum/SRR3659898_2.fastq.gz
/nfs/scratch/daniel.lang/comparative_triticeae/raw/T.aestivum/SRR3659897_1.fastq.gz, /nfs/pgsb/projects/comparative_triticeae/phenotype/flower_development/refsets/triticum/SRR3659897_1.fastq.gz
/nfs/scratch/daniel.lang/comparative_triticeae/raw/T.aestivum/SRR3659897_2.fastq.gz, /nfs/pgsb/projects/comparative_triticeae/phenotype/flower_development/refsets/triticum/SRR3659897_2.fastq.gz
/nfs/scratch/daniel.lang/comparative_triticeae/raw/T.aestivum/SRR3659896_1.fastq.gz, /nfs/pgsb/projects/comparative_triticeae/phenotype/flower_development/refsets/triticum/SRR3659896_1.fastq.gz
/nfs/scratch/daniel.lang/comparative_triticeae/raw/T.aestivum/SRR3659896_2.fastq.gz, /nfs/pgsb/projects/comparative_triticeae/phenotype/flower_development/refsets/triticum/SRR3659896_2.fastq.gz
/nfs/scratch/daniel.lang/comparative_triticeae/raw/T.aestivum/SRR3659895_1.fastq.gz, /nfs/pgsb/projects/comparative_triticeae/phenotype/flower_development/refsets/triticum/SRR3659895_1.fastq.gz
/nfs/scratch/daniel.lang/comparative_triticeae/raw/T.aestivum/SRR3659895_2.fastq.gz, /nfs/pgsb/projects/comparative_triticeae/phenotype/flower_development/refsets/triticum/SRR3659895_2.fastq.gz
/nfs/scratch/daniel.lang/comparative_triticeae/raw/T.aestivum/SRR3659894_1.fastq.gz, /nfs/pgsb/projects/comparative_triticeae/phenotype/flower_development/refsets/triticum/SRR3659894_1.fastq.gz
/nfs/scratch/daniel.lang/comparative_triticeae/raw/T.aestivum/SRR3659894_2.fastq.gz, /nfs/pgsb/projects/comparative_triticeae/phenotype/flower_development/refsets/triticum/SRR3659894_2.fastq.gz
/nfs/scratch/daniel.lang/comparative_triticeae/raw/T.aestivum/SRR3659893_1.fastq.gz, /nfs/pgsb/projects/comparative_triticeae/phenotype/flower_development/refsets/triticum/SRR3659893_1.fastq.gz
/nfs/scratch/daniel.lang/comparative_triticeae/raw/T.aestivum/SRR3659893_2.fastq.gz, /nfs/pgsb/projects/comparative_triticeae/phenotype/flower_development/refsets/triticum/SRR3659893_2.fastq.gz
/nfs/scratch/daniel.lang/comparative_triticeae/raw/T.aestivum/SRR3659892_1.fastq.gz, /nfs/pgsb/projects/comparative_triticeae/phenotype/flower_development/refsets/triticum/SRR3659892_1.fastq.gz
/nfs/scratch/daniel.lang/comparative_triticeae/raw/T.aestivum/SRR3659892_2.fastq.gz, /nfs/pgsb/projects/comparative_triticeae/phenotype/flower_development/refsets/triticum/SRR3659892_2.fastq.gz
/nfs/scratch/daniel.lang/comparative_triticeae/raw/T.aestivum/SRR3659891_1.fastq.gz, /nfs/pgsb/projects/comparative_triticeae/phenotype/flower_development/refsets/triticum/SRR3659891_1.fastq.gz
/nfs/scratch/daniel.lang/comparative_triticeae/raw/T.aestivum/SRR3659891_2.fastq.gz, /nfs/pgsb/projects/comparative_triticeae/phenotype/flower_development/refsets/triticum/SRR3659891_2.fastq.gz
/nfs/scratch/daniel.lang/comparative_triticeae/raw/T.aestivum/SRR9025697_1.fastq.gz, /nfs/pgsb/projects/comparative_triticeae/phenotype/flower_development/refsets/triticum/SRR9025697_1.fastq.gz
/nfs/scratch/daniel.lang/comparative_triticeae/raw/T.aestivum/SRR9025697_2.fastq.gz, /nfs/pgsb/projects/comparative_triticeae/phenotype/flower_development/refsets/triticum/SRR9025697_2.fastq.gz
/nfs/scratch/daniel.lang/comparative_triticeae/raw/T.aestivum/SRR9025698_1.fastq.gz, /nfs/pgsb/projects/comparative_triticeae/phenotype/flower_development/refsets/triticum/SRR9025698_1.fastq.gz
/nfs/scratch/daniel.lang/comparative_triticeae/raw/T.aestivum/SRR9025698_2.fastq.gz, /nfs/pgsb/projects/comparative_triticeae/phenotype/flower_development/refsets/triticum/SRR9025698_2.fastq.gz
/nfs/scratch/daniel.lang/comparative_triticeae/raw/T.aestivum/SRR9025699_1.fastq.gz, /nfs/pgsb/projects/comparative_triticeae/phenotype/flower_development/refsets/triticum/SRR9025699_1.fastq.gz
/nfs/scratch/daniel.lang/comparative_triticeae/raw/T.aestivum/SRR9025699_2.fastq.gz, /nfs/pgsb/projects/comparative_triticeae/phenotype/flower_development/refsets/triticum/SRR9025699_2.fastq.gz
/nfs/scratch/daniel.lang/comparative_triticeae/raw/T.aestivum/SRR9025700_1.fastq.gz, /nfs/pgsb/projects/comparative_triticeae/phenotype/flower_development/refsets/triticum/SRR9025700_1.fastq.gz
/nfs/scratch/daniel.lang/comparative_triticeae/raw/T.aestivum/SRR9025700_2.fastq.gz, /nfs/pgsb/projects/comparative_triticeae/phenotype/flower_development/refsets/triticum/SRR9025700_2.fastq.gz
/nfs/scratch/daniel.lang/comparative_triticeae/raw/T.aestivum/SRR9025701_1.fastq.gz, /nfs/pgsb/projects/comparative_triticeae/phenotype/flower_development/refsets/triticum/SRR9025701_1.fastq.gz
/nfs/scratch/daniel.lang/comparative_triticeae/raw/T.aestivum/SRR9025701_2.fastq.gz, /nfs/pgsb/projects/comparative_triticeae/phenotype/flower_development/refsets/triticum/SRR9025701_2.fastq.gz
/nfs/scratch/daniel.lang/comparative_triticeae/raw/T.aestivum/SRR9025702_1.fastq.gz, /nfs/pgsb/projects/comparative_triticeae/phenotype/flower_development/refsets/triticum/SRR9025702_1.fastq.gz
/nfs/scratch/daniel.lang/comparative_triticeae/raw/T.aestivum/SRR9025702_2.fastq.gz, /nfs/pgsb/projects/comparative_triticeae/phenotype/flower_development/refsets/triticum/SRR9025702_2.fastq.gz
/nfs/scratch/daniel.lang/comparative_triticeae/raw/T.aestivum/SRR9025709_1.fastq.gz, /nfs/pgsb/projects/comparative_triticeae/phenotype/flower_development/refsets/triticum/SRR9025709_1.fastq.gz
/nfs/scratch/daniel.lang/comparative_triticeae/raw/T.aestivum/SRR9025709_2.fastq.gz, /nfs/pgsb/projects/comparative_triticeae/phenotype/flower_development/refsets/triticum/SRR9025709_2.fastq.gz
/nfs/scratch/daniel.lang/comparative_triticeae/raw/T.aestivum/SRR9025710_1.fastq.gz, /nfs/pgsb/projects/comparative_triticeae/phenotype/flower_development/refsets/triticum/SRR9025710_1.fastq.gz
/nfs/scratch/daniel.lang/comparative_triticeae/raw/T.aestivum/SRR9025710_2.fastq.gz, /nfs/pgsb/projects/comparative_triticeae/phenotype/flower_development/refsets/triticum/SRR9025710_2.fastq.gz
/nfs/scratch/daniel.lang/comparative_triticeae/raw/T.aestivum/SRR9025720_1.fastq.gz, /nfs/pgsb/projects/comparative_triticeae/phenotype/flower_development/refsets/triticum/SRR9025720_1.fastq.gz
/nfs/scratch/daniel.lang/comparative_triticeae/raw/T.aestivum/SRR9025720_2.fastq.gz, /nfs/pgsb/projects/comparative_triticeae/phenotype/flower_development/refsets/triticum/SRR9025720_2.fastq.gz
/nfs/scratch/daniel.lang/comparative_triticeae/raw/T.aestivum/SRR4734843_1.fastq.gz, /nfs/pgsb/projects/comparative_triticeae/phenotype/flower_development/refsets/triticum/SRR4734843_1.fastq.gz
/nfs/scratch/daniel.lang/comparative_triticeae/raw/T.aestivum/SRR4734843_2.fastq.gz, /nfs/pgsb/projects/comparative_triticeae/phenotype/flower_development/refsets/triticum/SRR4734843_2.fastq.gz
/nfs/scratch/daniel.lang/comparative_triticeae/raw/T.aestivum/SRR4734844_1.fastq.gz, /nfs/pgsb/projects/comparative_triticeae/phenotype/flower_development/refsets/triticum/SRR4734844_1.fastq.gz
/nfs/scratch/daniel.lang/comparative_triticeae/raw/T.aestivum/SRR4734844_2.fastq.gz, /nfs/pgsb/projects/comparative_triticeae/phenotype/flower_development/refsets/triticum/SRR4734844_2.fastq.gz
/nfs/scratch/daniel.lang/comparative_triticeae/raw/T.aestivum/SRR4734845_1.fastq.gz, /nfs/pgsb/projects/comparative_triticeae/phenotype/flower_development/refsets/triticum/SRR4734845_1.fastq.gz
/nfs/scratch/daniel.lang/comparative_triticeae/raw/T.aestivum/SRR4734845_2.fastq.gz, /nfs/pgsb/projects/comparative_triticeae/phenotype/flower_development/refsets/triticum/SRR4734845_2.fastq.gz
/nfs/scratch/daniel.lang/comparative_triticeae/raw/T.aestivum/SRR4734846_1.fastq.gz, /nfs/pgsb/projects/comparative_triticeae/phenotype/flower_development/refsets/triticum/SRR4734846_1.fastq.gz
/nfs/scratch/daniel.lang/comparative_triticeae/raw/T.aestivum/SRR4734846_2.fastq.gz, /nfs/pgsb/projects/comparative_triticeae/phenotype/flower_development/refsets/triticum/SRR4734846_2.fastq.gz
/nfs/scratch/daniel.lang/comparative_triticeae/raw/T.aestivum/SRR4734847_1.fastq.gz, /nfs/pgsb/projects/comparative_triticeae/phenotype/flower_development/refsets/triticum/SRR4734847_1.fastq.gz
/nfs/scratch/daniel.lang/comparative_triticeae/raw/T.aestivum/SRR4734847_2.fastq.gz, /nfs/pgsb/projects/comparative_triticeae/phenotype/flower_development/refsets/triticum/SRR4734847_2.fastq.gz
/nfs/scratch/daniel.lang/comparative_triticeae/raw/T.aestivum/SRR4734848_1.fastq.gz, /nfs/pgsb/projects/comparative_triticeae/phenotype/flower_development/refsets/triticum/SRR4734848_1.fastq.gz
/nfs/scratch/daniel.lang/comparative_triticeae/raw/T.aestivum/SRR4734848_2.fastq.gz, /nfs/pgsb/projects/comparative_triticeae/phenotype/flower_development/refsets/triticum/SRR4734848_2.fastq.gz
/nfs/scratch/daniel.lang/comparative_triticeae/raw/T.aestivum/SRR4734849_1.fastq.gz, /nfs/pgsb/projects/comparative_triticeae/phenotype/flower_development/refsets/triticum/SRR4734849_1.fastq.gz
/nfs/scratch/daniel.lang/comparative_triticeae/raw/T.aestivum/SRR4734849_2.fastq.gz, /nfs/pgsb/projects/comparative_triticeae/phenotype/flower_development/refsets/triticum/SRR4734849_2.fastq.gz
/nfs/scratch/daniel.lang/comparative_triticeae/raw/T.aestivum/SRR4734850_1.fastq.gz, /nfs/pgsb/projects/comparative_triticeae/phenotype/flower_development/refsets/triticum/SRR4734850_1.fastq.gz
/nfs/scratch/daniel.lang/comparative_triticeae/raw/T.aestivum/SRR4734850_2.fastq.gz, /nfs/pgsb/projects/comparative_triticeae/phenotype/flower_development/refsets/triticum/SRR4734850_2.fastq.gz
/nfs/scratch/daniel.lang/comparative_triticeae/raw/T.aestivum/SRR4734851_1.fastq.gz, /nfs/pgsb/projects/comparative_triticeae/phenotype/flower_development/refsets/triticum/SRR4734851_1.fastq.gz
/nfs/scratch/daniel.lang/comparative_triticeae/raw/T.aestivum/SRR4734851_2.fastq.gz, /nfs/pgsb/projects/comparative_triticeae/phenotype/flower_development/refsets/triticum/SRR4734851_2.fastq.gz
/nfs/scratch/daniel.lang/comparative_triticeae/raw/T.aestivum/SRR4734852_1.fastq.gz, /nfs/pgsb/projects/comparative_triticeae/phenotype/flower_development/refsets/triticum/SRR4734852_1.fastq.gz
/nfs/scratch/daniel.lang/comparative_triticeae/raw/T.aestivum/SRR4734852_2.fastq.gz, /nfs/pgsb/projects/comparative_triticeae/phenotype/flower_development/refsets/triticum/SRR4734852_2.fastq.gz
/nfs/scratch/daniel.lang/comparative_triticeae/raw/T.aestivum/SRR4734853_1.fastq.gz, /nfs/pgsb/projects/comparative_triticeae/phenotype/flower_development/refsets/triticum/SRR4734853_1.fastq.gz
/nfs/scratch/daniel.lang/comparative_triticeae/raw/T.aestivum/SRR4734853_2.fastq.gz, /nfs/pgsb/projects/comparative_triticeae/phenotype/flower_development/refsets/triticum/SRR4734853_2.fastq.gz
/nfs/scratch/daniel.lang/comparative_triticeae/raw/T.aestivum/SRR4734854_1.fastq.gz, /nfs/pgsb/projects/comparative_triticeae/phenotype/flower_development/refsets/triticum/SRR4734854_1.fastq.gz
/nfs/scratch/daniel.lang/comparative_triticeae/raw/T.aestivum/SRR4734854_2.fastq.gz, /nfs/pgsb/projects/comparative_triticeae/phenotype/flower_development/refsets/triticum/SRR4734854_2.fastq.gz
/nfs/scratch/daniel.lang/comparative_triticeae/raw/T.aestivum/SRR7876211_1.fastq.gz, /nfs/pgsb/projects/comparative_triticeae/phenotype/flower_development/refsets/triticum/SRR7876211_1.fastq.gz
/nfs/scratch/daniel.lang/comparative_triticeae/raw/T.aestivum/SRR7876211_2.fastq.gz, /nfs/pgsb/projects/comparative_triticeae/phenotype/flower_development/refsets/triticum/SRR7876211_2.fastq.gz
/nfs/scratch/daniel.lang/comparative_triticeae/raw/T.aestivum/SRR7876212_1.fastq.gz, /nfs/pgsb/projects/comparative_triticeae/phenotype/flower_development/refsets/triticum/SRR7876212_1.fastq.gz
/nfs/scratch/daniel.lang/comparative_triticeae/raw/T.aestivum/SRR7876212_2.fastq.gz, /nfs/pgsb/projects/comparative_triticeae/phenotype/flower_development/refsets/triticum/SRR7876212_2.fastq.gz
/nfs/scratch/daniel.lang/comparative_triticeae/raw/T.aestivum/SRR7876213_1.fastq.gz, /nfs/pgsb/projects/comparative_triticeae/phenotype/flower_development/refsets/triticum/SRR7876213_1.fastq.gz
/nfs/scratch/daniel.lang/comparative_triticeae/raw/T.aestivum/SRR7876213_2.fastq.gz, /nfs/pgsb/projects/comparative_triticeae/phenotype/flower_development/refsets/triticum/SRR7876213_2.fastq.gz
/nfs/scratch/daniel.lang/comparative_triticeae/raw/T.aestivum/SRR7876214_1.fastq.gz, /nfs/pgsb/projects/comparative_triticeae/phenotype/flower_development/refsets/triticum/SRR7876214_1.fastq.gz
/nfs/scratch/daniel.lang/comparative_triticeae/raw/T.aestivum/SRR7876214_2.fastq.gz, /nfs/pgsb/projects/comparative_triticeae/phenotype/flower_development/refsets/triticum/SRR7876214_2.fastq.gz
/nfs/scratch/daniel.lang/comparative_triticeae/raw/T.aestivum/SRR7876215_1.fastq.gz, /nfs/pgsb/projects/comparative_triticeae/phenotype/flower_development/refsets/triticum/SRR7876215_1.fastq.gz
/nfs/scratch/daniel.lang/comparative_triticeae/raw/T.aestivum/SRR7876215_2.fastq.gz, /nfs/pgsb/projects/comparative_triticeae/phenotype/flower_development/refsets/triticum/SRR7876215_2.fastq.gz
/nfs/scratch/daniel.lang/comparative_triticeae/raw/T.aestivum/SRR7876216_1.fastq.gz, /nfs/pgsb/projects/comparative_triticeae/phenotype/flower_development/refsets/triticum/SRR7876216_1.fastq.gz
/nfs/scratch/daniel.lang/comparative_triticeae/raw/T.aestivum/SRR7876216_2.fastq.gz, /nfs/pgsb/projects/comparative_triticeae/phenotype/flower_development/refsets/triticum/SRR7876216_2.fastq.gz
/nfs/scratch/daniel.lang/comparative_triticeae/raw/T.aestivum/SRR5860104_1.fastq.gz, /nfs/pgsb/projects/comparative_triticeae/phenotype/flower_development/refsets/triticum/SRR5860104_1.fastq.gz
/nfs/scratch/daniel.lang/comparative_triticeae/raw/T.aestivum/SRR5860104_2.fastq.gz, /nfs/pgsb/projects/comparative_triticeae/phenotype/flower_development/refsets/triticum/SRR5860104_2.fastq.gz
/nfs/scratch/daniel.lang/comparative_triticeae/raw/T.aestivum/SRR5860105_1.fastq.gz, /nfs/pgsb/projects/comparative_triticeae/phenotype/flower_development/refsets/triticum/SRR5860105_1.fastq.gz
/nfs/scratch/daniel.lang/comparative_triticeae/raw/T.aestivum/SRR5860105_2.fastq.gz, /nfs/pgsb/projects/comparative_triticeae/phenotype/flower_development/refsets/triticum/SRR5860105_2.fastq.gz
/nfs/scratch/daniel.lang/comparative_triticeae/raw/T.aestivum/SRR5860107_1.fastq.gz, /nfs/pgsb/projects/comparative_triticeae/phenotype/flower_development/refsets/triticum/SRR5860107_1.fastq.gz
/nfs/scratch/daniel.lang/comparative_triticeae/raw/T.aestivum/SRR5860107_2.fastq.gz, /nfs/pgsb/projects/comparative_triticeae/phenotype/flower_development/refsets/triticum/SRR5860107_2.fastq.gz
/nfs/scratch/daniel.lang/comparative_triticeae/raw/T.aestivum/SRR5860109_1.fastq.gz, /nfs/pgsb/projects/comparative_triticeae/phenotype/flower_development/refsets/triticum/SRR5860109_1.fastq.gz
/nfs/scratch/daniel.lang/comparative_triticeae/raw/T.aestivum/SRR5860109_2.fastq.gz, /nfs/pgsb/projects/comparative_triticeae/phenotype/flower_development/refsets/triticum/SRR5860109_2.fastq.gz
/nfs/scratch/daniel.lang/comparative_triticeae/raw/T.aestivum/SRR5860110_1.fastq.gz, /nfs/pgsb/projects/comparative_triticeae/phenotype/flower_development/refsets/triticum/SRR5860110_1.fastq.gz
/nfs/scratch/daniel.lang/comparative_triticeae/raw/T.aestivum/SRR5860110_2.fastq.gz, /nfs/pgsb/projects/comparative_triticeae/phenotype/flower_development/refsets/triticum/SRR5860110_2.fastq.gz
/nfs/scratch/daniel.lang/comparative_triticeae/raw/T.aestivum/SRR5860111_1.fastq.gz, /nfs/pgsb/projects/comparative_triticeae/phenotype/flower_development/refsets/triticum/SRR5860111_1.fastq.gz
/nfs/scratch/daniel.lang/comparative_triticeae/raw/T.aestivum/SRR5860111_2.fastq.gz, /nfs/pgsb/projects/comparative_triticeae/phenotype/flower_development/refsets/triticum/SRR5860111_2.fastq.gz
/nfs/scratch/daniel.lang/comparative_triticeae/raw/T.aestivum/SRR6802606_1.fastq.gz, /nfs/pgsb/projects/comparative_triticeae/phenotype/flower_development/refsets/triticum/SRR6802606_1.fastq.gz
/nfs/scratch/daniel.lang/comparative_triticeae/raw/T.aestivum/SRR6802606_2.fastq.gz, /nfs/pgsb/projects/comparative_triticeae/phenotype/flower_development/refsets/triticum/SRR6802606_2.fastq.gz
/nfs/scratch/daniel.lang/comparative_triticeae/raw/T.aestivum/SRR6802607_1.fastq.gz, /nfs/pgsb/projects/comparative_triticeae/phenotype/flower_development/refsets/triticum/SRR6802607_1.fastq.gz
/nfs/scratch/daniel.lang/comparative_triticeae/raw/T.aestivum/SRR6802607_2.fastq.gz, /nfs/pgsb/projects/comparative_triticeae/phenotype/flower_development/refsets/triticum/SRR6802607_2.fastq.gz
/nfs/scratch/daniel.lang/comparative_triticeae/raw/T.aestivum/SRR6802608_1.fastq.gz, /nfs/pgsb/projects/comparative_triticeae/phenotype/flower_development/refsets/triticum/SRR6802608_1.fastq.gz
/nfs/scratch/daniel.lang/comparative_triticeae/raw/T.aestivum/SRR6802608_2.fastq.gz, /nfs/pgsb/projects/comparative_triticeae/phenotype/flower_development/refsets/triticum/SRR6802608_2.fastq.gz
/nfs/scratch/daniel.lang/comparative_triticeae/raw/T.aestivum/SRR6802609_1.fastq.gz, /nfs/pgsb/projects/comparative_triticeae/phenotype/flower_development/refsets/triticum/SRR6802609_1.fastq.gz
/nfs/scratch/daniel.lang/comparative_triticeae/raw/T.aestivum/SRR6802609_2.fastq.gz, /nfs/pgsb/projects/comparative_triticeae/phenotype/flower_development/refsets/triticum/SRR6802609_2.fastq.gz
/nfs/scratch/daniel.lang/comparative_triticeae/raw/T.aestivum/SRR6802610_1.fastq.gz, /nfs/pgsb/projects/comparative_triticeae/phenotype/flower_development/refsets/triticum/SRR6802610_1.fastq.gz
/nfs/scratch/daniel.lang/comparative_triticeae/raw/T.aestivum/SRR6802610_2.fastq.gz, /nfs/pgsb/projects/comparative_triticeae/phenotype/flower_development/refsets/triticum/SRR6802610_2.fastq.gz
/nfs/scratch/daniel.lang/comparative_triticeae/raw/T.aestivum/SRR6802611_1.fastq.gz, /nfs/pgsb/projects/comparative_triticeae/phenotype/flower_development/refsets/triticum/SRR6802611_1.fastq.gz
/nfs/scratch/daniel.lang/comparative_triticeae/raw/T.aestivum/SRR6802611_2.fastq.gz, /nfs/pgsb/projects/comparative_triticeae/phenotype/flower_development/refsets/triticum/SRR6802611_2.fastq.gz
/nfs/scratch/daniel.lang/comparative_triticeae/raw/T.aestivum/SRR6802612_1.fastq.gz, /nfs/pgsb/projects/comparative_triticeae/phenotype/flower_development/refsets/triticum/SRR6802612_1.fastq.gz
/nfs/scratch/daniel.lang/comparative_triticeae/raw/T.aestivum/SRR6802612_2.fastq.gz, /nfs/pgsb/projects/comparative_triticeae/phenotype/flower_development/refsets/triticum/SRR6802612_2.fastq.gz
/nfs/scratch/daniel.lang/comparative_triticeae/raw/T.aestivum/SRR6802613_1.fastq.gz, /nfs/pgsb/projects/comparative_triticeae/phenotype/flower_development/refsets/triticum/SRR6802613_1.fastq.gz
/nfs/scratch/daniel.lang/comparative_triticeae/raw/T.aestivum/SRR6802613_2.fastq.gz, /nfs/pgsb/projects/comparative_triticeae/phenotype/flower_development/refsets/triticum/SRR6802613_2.fastq.gz
/nfs/scratch/daniel.lang/comparative_triticeae/raw/T.aestivum/SRR6802614_1.fastq.gz, /nfs/pgsb/projects/comparative_triticeae/phenotype/flower_development/refsets/triticum/SRR6802614_1.fastq.gz
/nfs/scratch/daniel.lang/comparative_triticeae/raw/T.aestivum/SRR6802614_2.fastq.gz, /nfs/pgsb/projects/comparative_triticeae/phenotype/flower_development/refsets/triticum/SRR6802614_2.fastq.gz
, /nfs/pgsb/projects/comparative_triticeae/phenotype/flower_development/refsets/triticum/SRR6802615.fastq.gz
/nfs/scratch/daniel.lang/comparative_triticeae/raw/T.aestivum/SRR7688751_1.fastq.gz, /nfs/pgsb/projects/comparative_triticeae/phenotype/flower_development/refsets/triticum/SRR7688751_1.fastq.gz
/nfs/scratch/daniel.lang/comparative_triticeae/raw/T.aestivum/SRR7688751_2.fastq.gz, /nfs/pgsb/projects/comparative_triticeae/phenotype/flower_development/refsets/triticum/SRR7688751_2.fastq.gz
/nfs/scratch/daniel.lang/comparative_triticeae/raw/T.aestivum/SRR7688752_1.fastq.gz, /nfs/pgsb/projects/comparative_triticeae/phenotype/flower_development/refsets/triticum/SRR7688752_1.fastq.gz
/nfs/scratch/daniel.lang/comparative_triticeae/raw/T.aestivum/SRR7688752_2.fastq.gz, /nfs/pgsb/projects/comparative_triticeae/phenotype/flower_development/refsets/triticum/SRR7688752_2.fastq.gz
/nfs/scratch/daniel.lang/comparative_triticeae/raw/T.aestivum/SRR7688753_1.fastq.gz, /nfs/pgsb/projects/comparative_triticeae/phenotype/flower_development/refsets/triticum/SRR7688753_1.fastq.gz
/nfs/scratch/daniel.lang/comparative_triticeae/raw/T.aestivum/SRR7688753_2.fastq.gz, /nfs/pgsb/projects/comparative_triticeae/phenotype/flower_development/refsets/triticum/SRR7688753_2.fastq.gz
/nfs/scratch/daniel.lang/comparative_triticeae/raw/T.aestivum/SRR7688754_1.fastq.gz, /nfs/pgsb/projects/comparative_triticeae/phenotype/flower_development/refsets/triticum/SRR7688754_1.fastq.gz
/nfs/scratch/daniel.lang/comparative_triticeae/raw/T.aestivum/SRR7688754_2.fastq.gz, /nfs/pgsb/projects/comparative_triticeae/phenotype/flower_development/refsets/triticum/SRR7688754_2.fastq.gz
/nfs/scratch/daniel.lang/comparative_triticeae/raw/T.aestivum/SRR7688755_1.fastq.gz, /nfs/pgsb/projects/comparative_triticeae/phenotype/flower_development/refsets/triticum/SRR7688755_1.fastq.gz
/nfs/scratch/daniel.lang/comparative_triticeae/raw/T.aestivum/SRR7688755_2.fastq.gz, /nfs/pgsb/projects/comparative_triticeae/phenotype/flower_development/refsets/triticum/SRR7688755_2.fastq.gz
/nfs/scratch/daniel.lang/comparative_triticeae/raw/T.aestivum/SRR7688756_1.fastq.gz, /nfs/pgsb/projects/comparative_triticeae/phenotype/flower_development/refsets/triticum/SRR7688756_1.fastq.gz
/nfs/scratch/daniel.lang/comparative_triticeae/raw/T.aestivum/SRR7688756_2.fastq.gz, /nfs/pgsb/projects/comparative_triticeae/phenotype/flower_development/refsets/triticum/SRR7688756_2.fastq.gz
/nfs/scratch/daniel.lang/comparative_triticeae/raw/T.aestivum/SRR7688757_1.fastq.gz, /nfs/pgsb/projects/comparative_triticeae/phenotype/flower_development/refsets/triticum/SRR7688757_1.fastq.gz
/nfs/scratch/daniel.lang/comparative_triticeae/raw/T.aestivum/SRR7688757_2.fastq.gz, /nfs/pgsb/projects/comparative_triticeae/phenotype/flower_development/refsets/triticum/SRR7688757_2.fastq.gz
/nfs/scratch/daniel.lang/comparative_triticeae/raw/T.aestivum/SRR7688758_1.fastq.gz, /nfs/pgsb/projects/comparative_triticeae/phenotype/flower_development/refsets/triticum/SRR7688758_1.fastq.gz
/nfs/scratch/daniel.lang/comparative_triticeae/raw/T.aestivum/SRR7688758_2.fastq.gz, /nfs/pgsb/projects/comparative_triticeae/phenotype/flower_development/refsets/triticum/SRR7688758_2.fastq.gz
/nfs/scratch/daniel.lang/comparative_triticeae/raw/T.aestivum/SRR7688759_1.fastq.gz, /nfs/pgsb/projects/comparative_triticeae/phenotype/flower_development/refsets/triticum/SRR7688759_1.fastq.gz
/nfs/scratch/daniel.lang/comparative_triticeae/raw/T.aestivum/SRR7688759_2.fastq.gz, /nfs/pgsb/projects/comparative_triticeae/phenotype/flower_development/refsets/triticum/SRR7688759_2.fastq.gz
/nfs/scratch/daniel.lang/comparative_triticeae/raw/T.aestivum/SRR7688760_1.fastq.gz, /nfs/pgsb/projects/comparative_triticeae/phenotype/flower_development/refsets/triticum/SRR7688760_1.fastq.gz
/nfs/scratch/daniel.lang/comparative_triticeae/raw/T.aestivum/SRR7688760_2.fastq.gz, /nfs/pgsb/projects/comparative_triticeae/phenotype/flower_development/refsets/triticum/SRR7688760_2.fastq.gz
/nfs/scratch/daniel.lang/comparative_triticeae/raw/T.aestivum/SRR7688761_1.fastq.gz, /nfs/pgsb/projects/comparative_triticeae/phenotype/flower_development/refsets/triticum/SRR7688761_1.fastq.gz
/nfs/scratch/daniel.lang/comparative_triticeae/raw/T.aestivum/SRR7688761_2.fastq.gz, /nfs/pgsb/projects/comparative_triticeae/phenotype/flower_development/refsets/triticum/SRR7688761_2.fastq.gz
/nfs/scratch/daniel.lang/comparative_triticeae/raw/T.aestivum/SRR7688762_1.fastq.gz, /nfs/pgsb/projects/comparative_triticeae/phenotype/flower_development/refsets/triticum/SRR7688762_1.fastq.gz
/nfs/scratch/daniel.lang/comparative_triticeae/raw/T.aestivum/SRR7688762_2.fastq.gz, /nfs/pgsb/projects/comparative_triticeae/phenotype/flower_development/refsets/triticum/SRR7688762_2.fastq.gz
/nfs/scratch/daniel.lang/comparative_triticeae/raw/T.aestivum/SRR8413503_1.fastq.gz, /nfs/pgsb/projects/comparative_triticeae/phenotype/flower_development/refsets/triticum/SRR8413503_1.fastq.gz
/nfs/scratch/daniel.lang/comparative_triticeae/raw/T.aestivum/SRR8413503_2.fastq.gz, /nfs/pgsb/projects/comparative_triticeae/phenotype/flower_development/refsets/triticum/SRR8413503_2.fastq.gz
/nfs/scratch/daniel.lang/comparative_triticeae/raw/T.aestivum/SRR8413504_1.fastq.gz, /nfs/pgsb/projects/comparative_triticeae/phenotype/flower_development/refsets/triticum/SRR8413504_1.fastq.gz
/nfs/scratch/daniel.lang/comparative_triticeae/raw/T.aestivum/SRR8413504_2.fastq.gz, /nfs/pgsb/projects/comparative_triticeae/phenotype/flower_development/refsets/triticum/SRR8413504_2.fastq.gz
/nfs/scratch/daniel.lang/comparative_triticeae/raw/T.aestivum/SRR8413505_1.fastq.gz, /nfs/pgsb/projects/comparative_triticeae/phenotype/flower_development/refsets/triticum/SRR8413505_1.fastq.gz
/nfs/scratch/daniel.lang/comparative_triticeae/raw/T.aestivum/SRR8413505_2.fastq.gz, /nfs/pgsb/projects/comparative_triticeae/phenotype/flower_development/refsets/triticum/SRR8413505_2.fastq.gz
/nfs/scratch/daniel.lang/comparative_triticeae/raw/T.aestivum/SRR8413506_1.fastq.gz, /nfs/pgsb/projects/comparative_triticeae/phenotype/flower_development/refsets/triticum/SRR8413506_1.fastq.gz
/nfs/scratch/daniel.lang/comparative_triticeae/raw/T.aestivum/SRR8413506_2.fastq.gz, /nfs/pgsb/projects/comparative_triticeae/phenotype/flower_development/refsets/triticum/SRR8413506_2.fastq.gz
/nfs/scratch/daniel.lang/comparative_triticeae/raw/T.aestivum/SRR8413507_1.fastq.gz, /nfs/pgsb/projects/comparative_triticeae/phenotype/flower_development/refsets/triticum/SRR8413507_1.fastq.gz
/nfs/scratch/daniel.lang/comparative_triticeae/raw/T.aestivum/SRR8413507_2.fastq.gz, /nfs/pgsb/projects/comparative_triticeae/phenotype/flower_development/refsets/triticum/SRR8413507_2.fastq.gz
/nfs/scratch/daniel.lang/comparative_triticeae/raw/T.aestivum/SRR8413508_1.fastq.gz, /nfs/pgsb/projects/comparative_triticeae/phenotype/flower_development/refsets/triticum/SRR8413508_1.fastq.gz
/nfs/scratch/daniel.lang/comparative_triticeae/raw/T.aestivum/SRR8413508_2.fastq.gz, /nfs/pgsb/projects/comparative_triticeae/phenotype/flower_development/refsets/triticum/SRR8413508_2.fastq.gz
/nfs/scratch/daniel.lang/comparative_triticeae/raw/T.aestivum/SRR5186313_1.fastq.gz, /nfs/pgsb/projects/comparative_triticeae/phenotype/flower_development/refsets/triticum/SRR5186313_1.fastq.gz
/nfs/scratch/daniel.lang/comparative_triticeae/raw/T.aestivum/SRR5186313_2.fastq.gz, /nfs/pgsb/projects/comparative_triticeae/phenotype/flower_development/refsets/triticum/SRR5186313_2.fastq.gz
/nfs/scratch/daniel.lang/comparative_triticeae/raw/T.aestivum/SRR5186364_1.fastq.gz, /nfs/pgsb/projects/comparative_triticeae/phenotype/flower_development/refsets/triticum/SRR5186364_1.fastq.gz
/nfs/scratch/daniel.lang/comparative_triticeae/raw/T.aestivum/SRR5186364_2.fastq.gz, /nfs/pgsb/projects/comparative_triticeae/phenotype/flower_development/refsets/triticum/SRR5186364_2.fastq.gz
/nfs/scratch/daniel.lang/comparative_triticeae/raw/T.aestivum/SRR5186375_1.fastq.gz, /nfs/pgsb/projects/comparative_triticeae/phenotype/flower_development/refsets/triticum/SRR5186375_1.fastq.gz
/nfs/scratch/daniel.lang/comparative_triticeae/raw/T.aestivum/SRR5186375_2.fastq.gz, /nfs/pgsb/projects/comparative_triticeae/phenotype/flower_development/refsets/triticum/SRR5186375_2.fastq.gz
/nfs/scratch/daniel.lang/comparative_triticeae/raw/T.aestivum/SRR5186382_1.fastq.gz, /nfs/pgsb/projects/comparative_triticeae/phenotype/flower_development/refsets/triticum/SRR5186382_1.fastq.gz
/nfs/scratch/daniel.lang/comparative_triticeae/raw/T.aestivum/SRR5186382_2.fastq.gz, /nfs/pgsb/projects/comparative_triticeae/phenotype/flower_development/refsets/triticum/SRR5186382_2.fastq.gz
/nfs/scratch/daniel.lang/comparative_triticeae/raw/T.aestivum/SRR5186387_1.fastq.gz, /nfs/pgsb/projects/comparative_triticeae/phenotype/flower_development/refsets/triticum/SRR5186387_1.fastq.gz
/nfs/scratch/daniel.lang/comparative_triticeae/raw/T.aestivum/SRR5186387_2.fastq.gz, /nfs/pgsb/projects/comparative_triticeae/phenotype/flower_development/refsets/triticum/SRR5186387_2.fastq.gz
/nfs/scratch/daniel.lang/comparative_triticeae/raw/T.aestivum/SRR5186416_1.fastq.gz, /nfs/pgsb/projects/comparative_triticeae/phenotype/flower_development/refsets/triticum/SRR5186416_1.fastq.gz
/nfs/scratch/daniel.lang/comparative_triticeae/raw/T.aestivum/SRR5186416_2.fastq.gz, /nfs/pgsb/projects/comparative_triticeae/phenotype/flower_development/refsets/triticum/SRR5186416_2.fastq.gz
