/nfs/scratch/daniel.lang/comparative_triticeae/raw/H.vulgare/ERR1248084_1.fastq.gz, /nfs/pgsb/projects/comparative_triticeae/phenotype/flower_development/refsets/hordeum/ERR1248084_1.fastq.gz
/nfs/scratch/daniel.lang/comparative_triticeae/raw/H.vulgare/ERR1248084_2.fastq.gz, /nfs/pgsb/projects/comparative_triticeae/phenotype/flower_development/refsets/hordeum/ERR1248084_2.fastq.gz
/nfs/scratch/daniel.lang/comparative_triticeae/raw/H.vulgare/ERR1248085_1.fastq.gz, /nfs/pgsb/projects/comparative_triticeae/phenotype/flower_development/refsets/hordeum/ERR1248085_1.fastq.gz
/nfs/scratch/daniel.lang/comparative_triticeae/raw/H.vulgare/ERR1248085_2.fastq.gz, /nfs/pgsb/projects/comparative_triticeae/phenotype/flower_development/refsets/hordeum/ERR1248085_2.fastq.gz
/nfs/scratch/daniel.lang/comparative_triticeae/raw/H.vulgare/ERR1248086_1.fastq.gz, /nfs/pgsb/projects/comparative_triticeae/phenotype/flower_development/refsets/hordeum/ERR1248086_1.fastq.gz
/nfs/scratch/daniel.lang/comparative_triticeae/raw/H.vulgare/ERR1248086_2.fastq.gz, /nfs/pgsb/projects/comparative_triticeae/phenotype/flower_development/refsets/hordeum/ERR1248086_2.fastq.gz
/nfs/scratch/daniel.lang/comparative_triticeae/raw/H.vulgare/ERR1248087_1.fastq.gz, /nfs/pgsb/projects/comparative_triticeae/phenotype/flower_development/refsets/hordeum/ERR1248087_1.fastq.gz
/nfs/scratch/daniel.lang/comparative_triticeae/raw/H.vulgare/ERR1248087_2.fastq.gz, /nfs/pgsb/projects/comparative_triticeae/phenotype/flower_development/refsets/hordeum/ERR1248087_2.fastq.gz
/nfs/scratch/daniel.lang/comparative_triticeae/raw/H.vulgare/ERR1248088_1.fastq.gz, /nfs/pgsb/projects/comparative_triticeae/phenotype/flower_development/refsets/hordeum/ERR1248088_1.fastq.gz
/nfs/scratch/daniel.lang/comparative_triticeae/raw/H.vulgare/ERR1248088_2.fastq.gz, /nfs/pgsb/projects/comparative_triticeae/phenotype/flower_development/refsets/hordeum/ERR1248088_2.fastq.gz
/nfs/scratch/daniel.lang/comparative_triticeae/raw/H.vulgare/ERR1248089_1.fastq.gz, /nfs/pgsb/projects/comparative_triticeae/phenotype/flower_development/refsets/hordeum/ERR1248089_1.fastq.gz
/nfs/scratch/daniel.lang/comparative_triticeae/raw/H.vulgare/ERR1248089_2.fastq.gz, /nfs/pgsb/projects/comparative_triticeae/phenotype/flower_development/refsets/hordeum/ERR1248089_2.fastq.gz
/nfs/scratch/daniel.lang/comparative_triticeae/raw/H.vulgare/ERR1248116_1.fastq.gz, /nfs/pgsb/projects/comparative_triticeae/phenotype/flower_development/refsets/hordeum/ERR1248116_1.fastq.gz
/nfs/scratch/daniel.lang/comparative_triticeae/raw/H.vulgare/ERR1248116_2.fastq.gz, /nfs/pgsb/projects/comparative_triticeae/phenotype/flower_development/refsets/hordeum/ERR1248116_2.fastq.gz
/nfs/scratch/daniel.lang/comparative_triticeae/raw/H.vulgare/ERR1248117_1.fastq.gz, /nfs/pgsb/projects/comparative_triticeae/phenotype/flower_development/refsets/hordeum/ERR1248117_1.fastq.gz
/nfs/scratch/daniel.lang/comparative_triticeae/raw/H.vulgare/ERR1248117_2.fastq.gz, /nfs/pgsb/projects/comparative_triticeae/phenotype/flower_development/refsets/hordeum/ERR1248117_2.fastq.gz
/nfs/scratch/daniel.lang/comparative_triticeae/raw/H.vulgare/ERR1248118_1.fastq.gz, /nfs/pgsb/projects/comparative_triticeae/phenotype/flower_development/refsets/hordeum/ERR1248118_1.fastq.gz
/nfs/scratch/daniel.lang/comparative_triticeae/raw/H.vulgare/ERR1248118_2.fastq.gz, /nfs/pgsb/projects/comparative_triticeae/phenotype/flower_development/refsets/hordeum/ERR1248118_2.fastq.gz
/nfs/scratch/daniel.lang/comparative_triticeae/raw/H.vulgare/ERR1248119_1.fastq.gz, /nfs/pgsb/projects/comparative_triticeae/phenotype/flower_development/refsets/hordeum/ERR1248119_1.fastq.gz
/nfs/scratch/daniel.lang/comparative_triticeae/raw/H.vulgare/ERR1248119_2.fastq.gz, /nfs/pgsb/projects/comparative_triticeae/phenotype/flower_development/refsets/hordeum/ERR1248119_2.fastq.gz
/nfs/scratch/daniel.lang/comparative_triticeae/raw/H.vulgare/ERR1248120_1.fastq.gz, /nfs/pgsb/projects/comparative_triticeae/phenotype/flower_development/refsets/hordeum/ERR1248120_1.fastq.gz
/nfs/scratch/daniel.lang/comparative_triticeae/raw/H.vulgare/ERR1248120_2.fastq.gz, /nfs/pgsb/projects/comparative_triticeae/phenotype/flower_development/refsets/hordeum/ERR1248120_2.fastq.gz
/nfs/scratch/daniel.lang/comparative_triticeae/raw/H.vulgare/ERR1248121_1.fastq.gz, /nfs/pgsb/projects/comparative_triticeae/phenotype/flower_development/refsets/hordeum/ERR1248121_1.fastq.gz
/nfs/scratch/daniel.lang/comparative_triticeae/raw/H.vulgare/ERR1248121_2.fastq.gz, /nfs/pgsb/projects/comparative_triticeae/phenotype/flower_development/refsets/hordeum/ERR1248121_2.fastq.gz
/nfs/scratch/daniel.lang/comparative_triticeae/raw/H.vulgare/ERR1248122_1.fastq.gz, /nfs/pgsb/projects/comparative_triticeae/phenotype/flower_development/refsets/hordeum/ERR1248122_1.fastq.gz
/nfs/scratch/daniel.lang/comparative_triticeae/raw/H.vulgare/ERR1248122_2.fastq.gz, /nfs/pgsb/projects/comparative_triticeae/phenotype/flower_development/refsets/hordeum/ERR1248122_2.fastq.gz
/nfs/scratch/daniel.lang/comparative_triticeae/raw/H.vulgare/ERR1248123_1.fastq.gz, /nfs/pgsb/projects/comparative_triticeae/phenotype/flower_development/refsets/hordeum/ERR1248123_1.fastq.gz
/nfs/scratch/daniel.lang/comparative_triticeae/raw/H.vulgare/ERR1248123_2.fastq.gz, /nfs/pgsb/projects/comparative_triticeae/phenotype/flower_development/refsets/hordeum/ERR1248123_2.fastq.gz
/nfs/scratch/daniel.lang/comparative_triticeae/raw/H.vulgare/ERR1248274_1.fastq.gz, /nfs/pgsb/projects/comparative_triticeae/phenotype/flower_development/refsets/hordeum/ERR1248274_1.fastq.gz
/nfs/scratch/daniel.lang/comparative_triticeae/raw/H.vulgare/ERR1248274_2.fastq.gz, /nfs/pgsb/projects/comparative_triticeae/phenotype/flower_development/refsets/hordeum/ERR1248274_2.fastq.gz
/nfs/scratch/daniel.lang/comparative_triticeae/raw/H.vulgare/ERR1248275_1.fastq.gz, /nfs/pgsb/projects/comparative_triticeae/phenotype/flower_development/refsets/hordeum/ERR1248275_1.fastq.gz
/nfs/scratch/daniel.lang/comparative_triticeae/raw/H.vulgare/ERR1248275_2.fastq.gz, /nfs/pgsb/projects/comparative_triticeae/phenotype/flower_development/refsets/hordeum/ERR1248275_2.fastq.gz
/nfs/scratch/daniel.lang/comparative_triticeae/raw/H.vulgare/ERR1248276_1.fastq.gz, /nfs/pgsb/projects/comparative_triticeae/phenotype/flower_development/refsets/hordeum/ERR1248276_1.fastq.gz
/nfs/scratch/daniel.lang/comparative_triticeae/raw/H.vulgare/ERR1248276_2.fastq.gz, /nfs/pgsb/projects/comparative_triticeae/phenotype/flower_development/refsets/hordeum/ERR1248276_2.fastq.gz
/nfs/scratch/daniel.lang/comparative_triticeae/raw/H.vulgare/ERR1248277_1.fastq.gz, /nfs/pgsb/projects/comparative_triticeae/phenotype/flower_development/refsets/hordeum/ERR1248277_1.fastq.gz
/nfs/scratch/daniel.lang/comparative_triticeae/raw/H.vulgare/ERR1248277_2.fastq.gz, /nfs/pgsb/projects/comparative_triticeae/phenotype/flower_development/refsets/hordeum/ERR1248277_2.fastq.gz
/nfs/scratch/daniel.lang/comparative_triticeae/raw/H.vulgare/ERR1248278_1.fastq.gz, /nfs/pgsb/projects/comparative_triticeae/phenotype/flower_development/refsets/hordeum/ERR1248278_1.fastq.gz
/nfs/scratch/daniel.lang/comparative_triticeae/raw/H.vulgare/ERR1248278_2.fastq.gz, /nfs/pgsb/projects/comparative_triticeae/phenotype/flower_development/refsets/hordeum/ERR1248278_2.fastq.gz
/nfs/scratch/daniel.lang/comparative_triticeae/raw/H.vulgare/ERR1248279_1.fastq.gz, /nfs/pgsb/projects/comparative_triticeae/phenotype/flower_development/refsets/hordeum/ERR1248279_1.fastq.gz
/nfs/scratch/daniel.lang/comparative_triticeae/raw/H.vulgare/ERR1248279_2.fastq.gz, /nfs/pgsb/projects/comparative_triticeae/phenotype/flower_development/refsets/hordeum/ERR1248279_2.fastq.gz
/nfs/scratch/daniel.lang/comparative_triticeae/raw/H.vulgare/ERR1248280_1.fastq.gz, /nfs/pgsb/projects/comparative_triticeae/phenotype/flower_development/refsets/hordeum/ERR1248280_1.fastq.gz
/nfs/scratch/daniel.lang/comparative_triticeae/raw/H.vulgare/ERR1248280_2.fastq.gz, /nfs/pgsb/projects/comparative_triticeae/phenotype/flower_development/refsets/hordeum/ERR1248280_2.fastq.gz
/nfs/scratch/daniel.lang/comparative_triticeae/raw/H.vulgare/ERR1248281_1.fastq.gz, /nfs/pgsb/projects/comparative_triticeae/phenotype/flower_development/refsets/hordeum/ERR1248281_1.fastq.gz
/nfs/scratch/daniel.lang/comparative_triticeae/raw/H.vulgare/ERR1248281_2.fastq.gz, /nfs/pgsb/projects/comparative_triticeae/phenotype/flower_development/refsets/hordeum/ERR1248281_2.fastq.gz
/nfs/scratch/daniel.lang/comparative_triticeae/raw/H.vulgare/ERR1248282_1.fastq.gz, /nfs/pgsb/projects/comparative_triticeae/phenotype/flower_development/refsets/hordeum/ERR1248282_1.fastq.gz
/nfs/scratch/daniel.lang/comparative_triticeae/raw/H.vulgare/ERR1248282_2.fastq.gz, /nfs/pgsb/projects/comparative_triticeae/phenotype/flower_development/refsets/hordeum/ERR1248282_2.fastq.gz
/nfs/scratch/daniel.lang/comparative_triticeae/raw/H.vulgare/ERR1248283_1.fastq.gz, /nfs/pgsb/projects/comparative_triticeae/phenotype/flower_development/refsets/hordeum/ERR1248283_1.fastq.gz
/nfs/scratch/daniel.lang/comparative_triticeae/raw/H.vulgare/ERR1248283_2.fastq.gz, /nfs/pgsb/projects/comparative_triticeae/phenotype/flower_development/refsets/hordeum/ERR1248283_2.fastq.gz
/nfs/scratch/daniel.lang/comparative_triticeae/raw/H.vulgare/ERR1248284_1.fastq.gz, /nfs/pgsb/projects/comparative_triticeae/phenotype/flower_development/refsets/hordeum/ERR1248284_1.fastq.gz
/nfs/scratch/daniel.lang/comparative_triticeae/raw/H.vulgare/ERR1248284_2.fastq.gz, /nfs/pgsb/projects/comparative_triticeae/phenotype/flower_development/refsets/hordeum/ERR1248284_2.fastq.gz
/nfs/scratch/daniel.lang/comparative_triticeae/raw/H.vulgare/ERR1248285_1.fastq.gz, /nfs/pgsb/projects/comparative_triticeae/phenotype/flower_development/refsets/hordeum/ERR1248285_1.fastq.gz
/nfs/scratch/daniel.lang/comparative_triticeae/raw/H.vulgare/ERR1248285_2.fastq.gz, /nfs/pgsb/projects/comparative_triticeae/phenotype/flower_development/refsets/hordeum/ERR1248285_2.fastq.gz
/nfs/scratch/daniel.lang/comparative_triticeae/raw/H.vulgare/ERR1248286_1.fastq.gz, /nfs/pgsb/projects/comparative_triticeae/phenotype/flower_development/refsets/hordeum/ERR1248286_1.fastq.gz
/nfs/scratch/daniel.lang/comparative_triticeae/raw/H.vulgare/ERR1248286_2.fastq.gz, /nfs/pgsb/projects/comparative_triticeae/phenotype/flower_development/refsets/hordeum/ERR1248286_2.fastq.gz
/nfs/scratch/daniel.lang/comparative_triticeae/raw/H.vulgare/ERR1248287_1.fastq.gz, /nfs/pgsb/projects/comparative_triticeae/phenotype/flower_development/refsets/hordeum/ERR1248287_1.fastq.gz
/nfs/scratch/daniel.lang/comparative_triticeae/raw/H.vulgare/ERR1248287_2.fastq.gz, /nfs/pgsb/projects/comparative_triticeae/phenotype/flower_development/refsets/hordeum/ERR1248287_2.fastq.gz
, /nfs/pgsb/projects/comparative_triticeae/phenotype/flower_development/refsets/hordeum/ERR1457163.fastq.gz
, /nfs/pgsb/projects/comparative_triticeae/phenotype/flower_development/refsets/hordeum/ERR1457164.fastq.gz
, /nfs/pgsb/projects/comparative_triticeae/phenotype/flower_development/refsets/hordeum/ERR1457165.fastq.gz
, /nfs/pgsb/projects/comparative_triticeae/phenotype/flower_development/refsets/hordeum/ERR1457166.fastq.gz
, /nfs/pgsb/projects/comparative_triticeae/phenotype/flower_development/refsets/hordeum/ERR1457167.fastq.gz
, /nfs/pgsb/projects/comparative_triticeae/phenotype/flower_development/refsets/hordeum/ERR1457168.fastq.gz
, /nfs/pgsb/projects/comparative_triticeae/phenotype/flower_development/refsets/hordeum/ERR1457169.fastq.gz
, /nfs/pgsb/projects/comparative_triticeae/phenotype/flower_development/refsets/hordeum/ERR1457170.fastq.gz
, /nfs/pgsb/projects/comparative_triticeae/phenotype/flower_development/refsets/hordeum/ERR1457171.fastq.gz
, /nfs/pgsb/projects/comparative_triticeae/phenotype/flower_development/refsets/hordeum/ERR1457172.fastq.gz
, /nfs/pgsb/projects/comparative_triticeae/phenotype/flower_development/refsets/hordeum/ERR1457173.fastq.gz
, /nfs/pgsb/projects/comparative_triticeae/phenotype/flower_development/refsets/hordeum/ERR1457174.fastq.gz
, /nfs/pgsb/projects/comparative_triticeae/phenotype/flower_development/refsets/hordeum/ERR1457175.fastq.gz
, /nfs/pgsb/projects/comparative_triticeae/phenotype/flower_development/refsets/hordeum/ERR1457176.fastq.gz
, /nfs/pgsb/projects/comparative_triticeae/phenotype/flower_development/refsets/hordeum/ERR1457177.fastq.gz
, /nfs/pgsb/projects/comparative_triticeae/phenotype/flower_development/refsets/hordeum/ERR1457178.fastq.gz
, /nfs/pgsb/projects/comparative_triticeae/phenotype/flower_development/refsets/hordeum/ERR1457179.fastq.gz
, /nfs/pgsb/projects/comparative_triticeae/phenotype/flower_development/refsets/hordeum/ERR1457180.fastq.gz
, /nfs/pgsb/projects/comparative_triticeae/phenotype/flower_development/refsets/hordeum/ERR1457181.fastq.gz
, /nfs/pgsb/projects/comparative_triticeae/phenotype/flower_development/refsets/hordeum/ERR1457182.fastq.gz
, /nfs/pgsb/projects/comparative_triticeae/phenotype/flower_development/refsets/hordeum/ERR1457183.fastq.gz
, /nfs/pgsb/projects/comparative_triticeae/phenotype/flower_development/refsets/hordeum/ERR1457184.fastq.gz
, /nfs/pgsb/projects/comparative_triticeae/phenotype/flower_development/refsets/hordeum/ERR1457185.fastq.gz
, /nfs/pgsb/projects/comparative_triticeae/phenotype/flower_development/refsets/hordeum/ERR1457186.fastq.gz
, /nfs/pgsb/projects/comparative_triticeae/phenotype/flower_development/refsets/hordeum/ERR1457187.fastq.gz
, /nfs/pgsb/projects/comparative_triticeae/phenotype/flower_development/refsets/hordeum/ERR1457188.fastq.gz
, /nfs/pgsb/projects/comparative_triticeae/phenotype/flower_development/refsets/hordeum/ERR1457189.fastq.gz
, /nfs/pgsb/projects/comparative_triticeae/phenotype/flower_development/refsets/hordeum/ERR1457190.fastq.gz
, /nfs/pgsb/projects/comparative_triticeae/phenotype/flower_development/refsets/hordeum/ERR1457191.fastq.gz
/nfs/scratch/daniel.lang/comparative_triticeae/raw/H.vulgare/ERR1457192_1.fastq.gz, /nfs/pgsb/projects/comparative_triticeae/phenotype/flower_development/refsets/hordeum/ERR1457192_1.fastq.gz
/nfs/scratch/daniel.lang/comparative_triticeae/raw/H.vulgare/ERR1457192_2.fastq.gz, /nfs/pgsb/projects/comparative_triticeae/phenotype/flower_development/refsets/hordeum/ERR1457192_2.fastq.gz
, /nfs/pgsb/projects/comparative_triticeae/phenotype/flower_development/refsets/hordeum/ERR1457193.fastq.gz
/nfs/scratch/daniel.lang/comparative_triticeae/raw/H.vulgare/ERR1457194_1.fastq.gz, /nfs/pgsb/projects/comparative_triticeae/phenotype/flower_development/refsets/hordeum/ERR1457194_1.fastq.gz
/nfs/scratch/daniel.lang/comparative_triticeae/raw/H.vulgare/ERR1457194_2.fastq.gz, /nfs/pgsb/projects/comparative_triticeae/phenotype/flower_development/refsets/hordeum/ERR1457194_2.fastq.gz
, /nfs/pgsb/projects/comparative_triticeae/phenotype/flower_development/refsets/hordeum/ERR1457195.fastq.gz
, /nfs/pgsb/projects/comparative_triticeae/phenotype/flower_development/refsets/hordeum/ERR1457196.fastq.gz
, /nfs/pgsb/projects/comparative_triticeae/phenotype/flower_development/refsets/hordeum/ERR1457197.fastq.gz
, /nfs/pgsb/projects/comparative_triticeae/phenotype/flower_development/refsets/hordeum/ERR1457198.fastq.gz
, /nfs/pgsb/projects/comparative_triticeae/phenotype/flower_development/refsets/hordeum/ERR1457199.fastq.gz
, /nfs/pgsb/projects/comparative_triticeae/phenotype/flower_development/refsets/hordeum/ERR1457200.fastq.gz
, /nfs/pgsb/projects/comparative_triticeae/phenotype/flower_development/refsets/hordeum/ERR1457201.fastq.gz
/nfs/scratch/daniel.lang/comparative_triticeae/raw/H.vulgare/ERR1457202_1.fastq.gz, /nfs/pgsb/projects/comparative_triticeae/phenotype/flower_development/refsets/hordeum/ERR1457202_1.fastq.gz
/nfs/scratch/daniel.lang/comparative_triticeae/raw/H.vulgare/ERR1457202_2.fastq.gz, /nfs/pgsb/projects/comparative_triticeae/phenotype/flower_development/refsets/hordeum/ERR1457202_2.fastq.gz
, /nfs/pgsb/projects/comparative_triticeae/phenotype/flower_development/refsets/hordeum/ERR1457203.fastq.gz
, /nfs/pgsb/projects/comparative_triticeae/phenotype/flower_development/refsets/hordeum/ERR1457204.fastq.gz
, /nfs/pgsb/projects/comparative_triticeae/phenotype/flower_development/refsets/hordeum/ERR1457205.fastq.gz
, /nfs/pgsb/projects/comparative_triticeae/phenotype/flower_development/refsets/hordeum/ERR1457206.fastq.gz
, /nfs/pgsb/projects/comparative_triticeae/phenotype/flower_development/refsets/hordeum/ERR1457207.fastq.gz
, /nfs/pgsb/projects/comparative_triticeae/phenotype/flower_development/refsets/hordeum/ERR1457208.fastq.gz
, /nfs/pgsb/projects/comparative_triticeae/phenotype/flower_development/refsets/hordeum/ERR1457209.fastq.gz
, /nfs/pgsb/projects/comparative_triticeae/phenotype/flower_development/refsets/hordeum/ERR1457210.fastq.gz
/nfs/scratch/daniel.lang/comparative_triticeae/raw/H.vulgare/ERR1457211_1.fastq.gz, /nfs/pgsb/projects/comparative_triticeae/phenotype/flower_development/refsets/hordeum/ERR1457211_1.fastq.gz
/nfs/scratch/daniel.lang/comparative_triticeae/raw/H.vulgare/ERR1457211_2.fastq.gz, /nfs/pgsb/projects/comparative_triticeae/phenotype/flower_development/refsets/hordeum/ERR1457211_2.fastq.gz
, /nfs/pgsb/projects/comparative_triticeae/phenotype/flower_development/refsets/hordeum/ERR1457212.fastq.gz
, /nfs/pgsb/projects/comparative_triticeae/phenotype/flower_development/refsets/hordeum/ERR1457213.fastq.gz
, /nfs/pgsb/projects/comparative_triticeae/phenotype/flower_development/refsets/hordeum/ERR1457214.fastq.gz
, /nfs/pgsb/projects/comparative_triticeae/phenotype/flower_development/refsets/hordeum/ERR1457215.fastq.gz
, /nfs/pgsb/projects/comparative_triticeae/phenotype/flower_development/refsets/hordeum/ERR1457216.fastq.gz
, /nfs/pgsb/projects/comparative_triticeae/phenotype/flower_development/refsets/hordeum/ERR1457217.fastq.gz
, /nfs/pgsb/projects/comparative_triticeae/phenotype/flower_development/refsets/hordeum/ERR1457218.fastq.gz
, /nfs/pgsb/projects/comparative_triticeae/phenotype/flower_development/refsets/hordeum/ERR1457219.fastq.gz
, /nfs/pgsb/projects/comparative_triticeae/phenotype/flower_development/refsets/hordeum/ERR1457220.fastq.gz
, /nfs/pgsb/projects/comparative_triticeae/phenotype/flower_development/refsets/hordeum/ERR1457221.fastq.gz
, /nfs/pgsb/projects/comparative_triticeae/phenotype/flower_development/refsets/hordeum/ERR1457222.fastq.gz
, /nfs/pgsb/projects/comparative_triticeae/phenotype/flower_development/refsets/hordeum/ERR1457223.fastq.gz
, /nfs/pgsb/projects/comparative_triticeae/phenotype/flower_development/refsets/hordeum/ERR1457224.fastq.gz
, /nfs/pgsb/projects/comparative_triticeae/phenotype/flower_development/refsets/hordeum/ERR1457225.fastq.gz
, /nfs/pgsb/projects/comparative_triticeae/phenotype/flower_development/refsets/hordeum/ERR1457226.fastq.gz
, /nfs/pgsb/projects/comparative_triticeae/phenotype/flower_development/refsets/hordeum/ERR1457227.fastq.gz
, /nfs/pgsb/projects/comparative_triticeae/phenotype/flower_development/refsets/hordeum/ERR1457228.fastq.gz
, /nfs/pgsb/projects/comparative_triticeae/phenotype/flower_development/refsets/hordeum/ERR1457229.fastq.gz
, /nfs/pgsb/projects/comparative_triticeae/phenotype/flower_development/refsets/hordeum/ERR1457230.fastq.gz
/nfs/scratch/daniel.lang/comparative_triticeae/raw/H.vulgare/ERR1457231_1.fastq.gz, /nfs/pgsb/projects/comparative_triticeae/phenotype/flower_development/refsets/hordeum/ERR1457231_1.fastq.gz
/nfs/scratch/daniel.lang/comparative_triticeae/raw/H.vulgare/ERR1457231_2.fastq.gz, /nfs/pgsb/projects/comparative_triticeae/phenotype/flower_development/refsets/hordeum/ERR1457231_2.fastq.gz
, /nfs/pgsb/projects/comparative_triticeae/phenotype/flower_development/refsets/hordeum/ERR1457232.fastq.gz
, /nfs/pgsb/projects/comparative_triticeae/phenotype/flower_development/refsets/hordeum/ERR1457233.fastq.gz
, /nfs/pgsb/projects/comparative_triticeae/phenotype/flower_development/refsets/hordeum/ERR1457234.fastq.gz
, /nfs/pgsb/projects/comparative_triticeae/phenotype/flower_development/refsets/hordeum/ERR1457235.fastq.gz
/nfs/scratch/daniel.lang/comparative_triticeae/raw/H.vulgare/ERR1457236_1.fastq.gz, /nfs/pgsb/projects/comparative_triticeae/phenotype/flower_development/refsets/hordeum/ERR1457236_1.fastq.gz
/nfs/scratch/daniel.lang/comparative_triticeae/raw/H.vulgare/ERR1457236_2.fastq.gz, /nfs/pgsb/projects/comparative_triticeae/phenotype/flower_development/refsets/hordeum/ERR1457236_2.fastq.gz
, /nfs/pgsb/projects/comparative_triticeae/phenotype/flower_development/refsets/hordeum/ERR1457237.fastq.gz
/nfs/scratch/daniel.lang/comparative_triticeae/raw/H.vulgare/ERR1457238_1.fastq.gz, /nfs/pgsb/projects/comparative_triticeae/phenotype/flower_development/refsets/hordeum/ERR1457238_1.fastq.gz
/nfs/scratch/daniel.lang/comparative_triticeae/raw/H.vulgare/ERR1457238_2.fastq.gz, /nfs/pgsb/projects/comparative_triticeae/phenotype/flower_development/refsets/hordeum/ERR1457238_2.fastq.gz
, /nfs/pgsb/projects/comparative_triticeae/phenotype/flower_development/refsets/hordeum/ERR1457239.fastq.gz
, /nfs/pgsb/projects/comparative_triticeae/phenotype/flower_development/refsets/hordeum/ERR1457240.fastq.gz
, /nfs/pgsb/projects/comparative_triticeae/phenotype/flower_development/refsets/hordeum/ERR1457241.fastq.gz
, /nfs/pgsb/projects/comparative_triticeae/phenotype/flower_development/refsets/hordeum/ERR1457242.fastq.gz
, /nfs/pgsb/projects/comparative_triticeae/phenotype/flower_development/refsets/hordeum/ERR1457243.fastq.gz
, /nfs/pgsb/projects/comparative_triticeae/phenotype/flower_development/refsets/hordeum/ERR1457244.fastq.gz
, /nfs/pgsb/projects/comparative_triticeae/phenotype/flower_development/refsets/hordeum/ERR1457245.fastq.gz
, /nfs/pgsb/projects/comparative_triticeae/phenotype/flower_development/refsets/hordeum/ERR1457246.fastq.gz
, /nfs/pgsb/projects/comparative_triticeae/phenotype/flower_development/refsets/hordeum/ERR1457247.fastq.gz
/nfs/scratch/daniel.lang/comparative_triticeae/raw/H.vulgare/ERR1457248_1.fastq.gz, /nfs/pgsb/projects/comparative_triticeae/phenotype/flower_development/refsets/hordeum/ERR1457248_1.fastq.gz
/nfs/scratch/daniel.lang/comparative_triticeae/raw/H.vulgare/ERR1457248_2.fastq.gz, /nfs/pgsb/projects/comparative_triticeae/phenotype/flower_development/refsets/hordeum/ERR1457248_2.fastq.gz
, /nfs/pgsb/projects/comparative_triticeae/phenotype/flower_development/refsets/hordeum/ERR1457249.fastq.gz
/nfs/scratch/daniel.lang/comparative_triticeae/raw/H.vulgare/ERR1457250_1.fastq.gz, /nfs/pgsb/projects/comparative_triticeae/phenotype/flower_development/refsets/hordeum/ERR1457250_1.fastq.gz
/nfs/scratch/daniel.lang/comparative_triticeae/raw/H.vulgare/ERR1457250_2.fastq.gz, /nfs/pgsb/projects/comparative_triticeae/phenotype/flower_development/refsets/hordeum/ERR1457250_2.fastq.gz
, /nfs/pgsb/projects/comparative_triticeae/phenotype/flower_development/refsets/hordeum/ERR1457251.fastq.gz
/nfs/scratch/daniel.lang/comparative_triticeae/raw/H.vulgare/ERR1457252_1.fastq.gz, /nfs/pgsb/projects/comparative_triticeae/phenotype/flower_development/refsets/hordeum/ERR1457252_1.fastq.gz
/nfs/scratch/daniel.lang/comparative_triticeae/raw/H.vulgare/ERR1457252_2.fastq.gz, /nfs/pgsb/projects/comparative_triticeae/phenotype/flower_development/refsets/hordeum/ERR1457252_2.fastq.gz
, /nfs/pgsb/projects/comparative_triticeae/phenotype/flower_development/refsets/hordeum/ERR1457253.fastq.gz
, /nfs/pgsb/projects/comparative_triticeae/phenotype/flower_development/refsets/hordeum/ERR1457254.fastq.gz
, /nfs/pgsb/projects/comparative_triticeae/phenotype/flower_development/refsets/hordeum/ERR1457255.fastq.gz
, /nfs/pgsb/projects/comparative_triticeae/phenotype/flower_development/refsets/hordeum/ERR1457256.fastq.gz
, /nfs/pgsb/projects/comparative_triticeae/phenotype/flower_development/refsets/hordeum/ERR1457257.fastq.gz
/nfs/scratch/daniel.lang/comparative_triticeae/raw/H.vulgare/ERR1457258_1.fastq.gz, /nfs/pgsb/projects/comparative_triticeae/phenotype/flower_development/refsets/hordeum/ERR1457258_1.fastq.gz
/nfs/scratch/daniel.lang/comparative_triticeae/raw/H.vulgare/ERR1457258_2.fastq.gz, /nfs/pgsb/projects/comparative_triticeae/phenotype/flower_development/refsets/hordeum/ERR1457258_2.fastq.gz
, /nfs/pgsb/projects/comparative_triticeae/phenotype/flower_development/refsets/hordeum/ERR1457259.fastq.gz
/nfs/scratch/daniel.lang/comparative_triticeae/raw/H.vulgare/ERR2026421_1.fastq.gz, /nfs/pgsb/projects/comparative_triticeae/phenotype/flower_development/refsets/hordeum/ERR2026421_1.fastq.gz
/nfs/scratch/daniel.lang/comparative_triticeae/raw/H.vulgare/ERR2026421_2.fastq.gz, /nfs/pgsb/projects/comparative_triticeae/phenotype/flower_development/refsets/hordeum/ERR2026421_2.fastq.gz
/nfs/scratch/daniel.lang/comparative_triticeae/raw/H.vulgare/ERR2026422_1.fastq.gz, /nfs/pgsb/projects/comparative_triticeae/phenotype/flower_development/refsets/hordeum/ERR2026422_1.fastq.gz
/nfs/scratch/daniel.lang/comparative_triticeae/raw/H.vulgare/ERR2026422_2.fastq.gz, /nfs/pgsb/projects/comparative_triticeae/phenotype/flower_development/refsets/hordeum/ERR2026422_2.fastq.gz
/nfs/scratch/daniel.lang/comparative_triticeae/raw/H.vulgare/ERR2026423_1.fastq.gz, /nfs/pgsb/projects/comparative_triticeae/phenotype/flower_development/refsets/hordeum/ERR2026423_1.fastq.gz
/nfs/scratch/daniel.lang/comparative_triticeae/raw/H.vulgare/ERR2026423_2.fastq.gz, /nfs/pgsb/projects/comparative_triticeae/phenotype/flower_development/refsets/hordeum/ERR2026423_2.fastq.gz
/nfs/scratch/daniel.lang/comparative_triticeae/raw/H.vulgare/ERR2026424_1.fastq.gz, /nfs/pgsb/projects/comparative_triticeae/phenotype/flower_development/refsets/hordeum/ERR2026424_1.fastq.gz
/nfs/scratch/daniel.lang/comparative_triticeae/raw/H.vulgare/ERR2026424_2.fastq.gz, /nfs/pgsb/projects/comparative_triticeae/phenotype/flower_development/refsets/hordeum/ERR2026424_2.fastq.gz
, /nfs/pgsb/projects/comparative_triticeae/phenotype/flower_development/refsets/hordeum/ERR2026425.fastq.gz
/nfs/scratch/daniel.lang/comparative_triticeae/raw/H.vulgare/ERR2026426_1.fastq.gz, /nfs/pgsb/projects/comparative_triticeae/phenotype/flower_development/refsets/hordeum/ERR2026426_1.fastq.gz
/nfs/scratch/daniel.lang/comparative_triticeae/raw/H.vulgare/ERR2026426_2.fastq.gz, /nfs/pgsb/projects/comparative_triticeae/phenotype/flower_development/refsets/hordeum/ERR2026426_2.fastq.gz
/nfs/scratch/daniel.lang/comparative_triticeae/raw/H.vulgare/ERR2026427_1.fastq.gz, /nfs/pgsb/projects/comparative_triticeae/phenotype/flower_development/refsets/hordeum/ERR2026427_1.fastq.gz
/nfs/scratch/daniel.lang/comparative_triticeae/raw/H.vulgare/ERR2026427_2.fastq.gz, /nfs/pgsb/projects/comparative_triticeae/phenotype/flower_development/refsets/hordeum/ERR2026427_2.fastq.gz
/nfs/scratch/daniel.lang/comparative_triticeae/raw/H.vulgare/ERR2026428_1.fastq.gz, /nfs/pgsb/projects/comparative_triticeae/phenotype/flower_development/refsets/hordeum/ERR2026428_1.fastq.gz
/nfs/scratch/daniel.lang/comparative_triticeae/raw/H.vulgare/ERR2026428_2.fastq.gz, /nfs/pgsb/projects/comparative_triticeae/phenotype/flower_development/refsets/hordeum/ERR2026428_2.fastq.gz
/nfs/scratch/daniel.lang/comparative_triticeae/raw/H.vulgare/ERR2026429_1.fastq.gz, /nfs/pgsb/projects/comparative_triticeae/phenotype/flower_development/refsets/hordeum/ERR2026429_1.fastq.gz
/nfs/scratch/daniel.lang/comparative_triticeae/raw/H.vulgare/ERR2026429_2.fastq.gz, /nfs/pgsb/projects/comparative_triticeae/phenotype/flower_development/refsets/hordeum/ERR2026429_2.fastq.gz
/nfs/scratch/daniel.lang/comparative_triticeae/raw/H.vulgare/ERR2026430_1.fastq.gz, /nfs/pgsb/projects/comparative_triticeae/phenotype/flower_development/refsets/hordeum/ERR2026430_1.fastq.gz
/nfs/scratch/daniel.lang/comparative_triticeae/raw/H.vulgare/ERR2026430_2.fastq.gz, /nfs/pgsb/projects/comparative_triticeae/phenotype/flower_development/refsets/hordeum/ERR2026430_2.fastq.gz
/nfs/scratch/daniel.lang/comparative_triticeae/raw/H.vulgare/ERR2026431_1.fastq.gz, /nfs/pgsb/projects/comparative_triticeae/phenotype/flower_development/refsets/hordeum/ERR2026431_1.fastq.gz
/nfs/scratch/daniel.lang/comparative_triticeae/raw/H.vulgare/ERR2026431_2.fastq.gz, /nfs/pgsb/projects/comparative_triticeae/phenotype/flower_development/refsets/hordeum/ERR2026431_2.fastq.gz
/nfs/scratch/daniel.lang/comparative_triticeae/raw/H.vulgare/ERR2026432_1.fastq.gz, /nfs/pgsb/projects/comparative_triticeae/phenotype/flower_development/refsets/hordeum/ERR2026432_1.fastq.gz
/nfs/scratch/daniel.lang/comparative_triticeae/raw/H.vulgare/ERR2026432_2.fastq.gz, /nfs/pgsb/projects/comparative_triticeae/phenotype/flower_development/refsets/hordeum/ERR2026432_2.fastq.gz
/nfs/scratch/daniel.lang/comparative_triticeae/raw/H.vulgare/ERR2026433_1.fastq.gz, /nfs/pgsb/projects/comparative_triticeae/phenotype/flower_development/refsets/hordeum/ERR2026433_1.fastq.gz
/nfs/scratch/daniel.lang/comparative_triticeae/raw/H.vulgare/ERR2026433_2.fastq.gz, /nfs/pgsb/projects/comparative_triticeae/phenotype/flower_development/refsets/hordeum/ERR2026433_2.fastq.gz
/nfs/scratch/daniel.lang/comparative_triticeae/raw/H.vulgare/ERR2026434_1.fastq.gz, /nfs/pgsb/projects/comparative_triticeae/phenotype/flower_development/refsets/hordeum/ERR2026434_1.fastq.gz
/nfs/scratch/daniel.lang/comparative_triticeae/raw/H.vulgare/ERR2026434_2.fastq.gz, /nfs/pgsb/projects/comparative_triticeae/phenotype/flower_development/refsets/hordeum/ERR2026434_2.fastq.gz
/nfs/scratch/daniel.lang/comparative_triticeae/raw/H.vulgare/ERR2026435_1.fastq.gz, /nfs/pgsb/projects/comparative_triticeae/phenotype/flower_development/refsets/hordeum/ERR2026435_1.fastq.gz
/nfs/scratch/daniel.lang/comparative_triticeae/raw/H.vulgare/ERR2026435_2.fastq.gz, /nfs/pgsb/projects/comparative_triticeae/phenotype/flower_development/refsets/hordeum/ERR2026435_2.fastq.gz
/nfs/scratch/daniel.lang/comparative_triticeae/raw/H.vulgare/ERR2026436_1.fastq.gz, /nfs/pgsb/projects/comparative_triticeae/phenotype/flower_development/refsets/hordeum/ERR2026436_1.fastq.gz
/nfs/scratch/daniel.lang/comparative_triticeae/raw/H.vulgare/ERR2026436_2.fastq.gz, /nfs/pgsb/projects/comparative_triticeae/phenotype/flower_development/refsets/hordeum/ERR2026436_2.fastq.gz
/nfs/scratch/daniel.lang/comparative_triticeae/raw/H.vulgare/ERR2026437_1.fastq.gz, /nfs/pgsb/projects/comparative_triticeae/phenotype/flower_development/refsets/hordeum/ERR2026437_1.fastq.gz
/nfs/scratch/daniel.lang/comparative_triticeae/raw/H.vulgare/ERR2026437_2.fastq.gz, /nfs/pgsb/projects/comparative_triticeae/phenotype/flower_development/refsets/hordeum/ERR2026437_2.fastq.gz
/nfs/scratch/daniel.lang/comparative_triticeae/raw/H.vulgare/ERR2026438_1.fastq.gz, /nfs/pgsb/projects/comparative_triticeae/phenotype/flower_development/refsets/hordeum/ERR2026438_1.fastq.gz
/nfs/scratch/daniel.lang/comparative_triticeae/raw/H.vulgare/ERR2026438_2.fastq.gz, /nfs/pgsb/projects/comparative_triticeae/phenotype/flower_development/refsets/hordeum/ERR2026438_2.fastq.gz
/nfs/scratch/daniel.lang/comparative_triticeae/raw/H.vulgare/ERR2026439_1.fastq.gz, /nfs/pgsb/projects/comparative_triticeae/phenotype/flower_development/refsets/hordeum/ERR2026439_1.fastq.gz
/nfs/scratch/daniel.lang/comparative_triticeae/raw/H.vulgare/ERR2026439_2.fastq.gz, /nfs/pgsb/projects/comparative_triticeae/phenotype/flower_development/refsets/hordeum/ERR2026439_2.fastq.gz
/nfs/scratch/daniel.lang/comparative_triticeae/raw/H.vulgare/ERR2026440_1.fastq.gz, /nfs/pgsb/projects/comparative_triticeae/phenotype/flower_development/refsets/hordeum/ERR2026440_1.fastq.gz
/nfs/scratch/daniel.lang/comparative_triticeae/raw/H.vulgare/ERR2026440_2.fastq.gz, /nfs/pgsb/projects/comparative_triticeae/phenotype/flower_development/refsets/hordeum/ERR2026440_2.fastq.gz
/nfs/scratch/daniel.lang/comparative_triticeae/raw/H.vulgare/ERR2026441_1.fastq.gz, /nfs/pgsb/projects/comparative_triticeae/phenotype/flower_development/refsets/hordeum/ERR2026441_1.fastq.gz
/nfs/scratch/daniel.lang/comparative_triticeae/raw/H.vulgare/ERR2026441_2.fastq.gz, /nfs/pgsb/projects/comparative_triticeae/phenotype/flower_development/refsets/hordeum/ERR2026441_2.fastq.gz
/nfs/scratch/daniel.lang/comparative_triticeae/raw/H.vulgare/ERR2026442_1.fastq.gz, /nfs/pgsb/projects/comparative_triticeae/phenotype/flower_development/refsets/hordeum/ERR2026442_1.fastq.gz
/nfs/scratch/daniel.lang/comparative_triticeae/raw/H.vulgare/ERR2026442_2.fastq.gz, /nfs/pgsb/projects/comparative_triticeae/phenotype/flower_development/refsets/hordeum/ERR2026442_2.fastq.gz
/nfs/scratch/daniel.lang/comparative_triticeae/raw/H.vulgare/ERR2026443_1.fastq.gz, /nfs/pgsb/projects/comparative_triticeae/phenotype/flower_development/refsets/hordeum/ERR2026443_1.fastq.gz
/nfs/scratch/daniel.lang/comparative_triticeae/raw/H.vulgare/ERR2026443_2.fastq.gz, /nfs/pgsb/projects/comparative_triticeae/phenotype/flower_development/refsets/hordeum/ERR2026443_2.fastq.gz
/nfs/scratch/daniel.lang/comparative_triticeae/raw/H.vulgare/ERR2026444_1.fastq.gz, /nfs/pgsb/projects/comparative_triticeae/phenotype/flower_development/refsets/hordeum/ERR2026444_1.fastq.gz
/nfs/scratch/daniel.lang/comparative_triticeae/raw/H.vulgare/ERR2026444_2.fastq.gz, /nfs/pgsb/projects/comparative_triticeae/phenotype/flower_development/refsets/hordeum/ERR2026444_2.fastq.gz
/nfs/scratch/daniel.lang/comparative_triticeae/raw/H.vulgare/ERR2026445_1.fastq.gz, /nfs/pgsb/projects/comparative_triticeae/phenotype/flower_development/refsets/hordeum/ERR2026445_1.fastq.gz
/nfs/scratch/daniel.lang/comparative_triticeae/raw/H.vulgare/ERR2026445_2.fastq.gz, /nfs/pgsb/projects/comparative_triticeae/phenotype/flower_development/refsets/hordeum/ERR2026445_2.fastq.gz
/nfs/scratch/daniel.lang/comparative_triticeae/raw/H.vulgare/ERR2026446_1.fastq.gz, /nfs/pgsb/projects/comparative_triticeae/phenotype/flower_development/refsets/hordeum/ERR2026446_1.fastq.gz
/nfs/scratch/daniel.lang/comparative_triticeae/raw/H.vulgare/ERR2026446_2.fastq.gz, /nfs/pgsb/projects/comparative_triticeae/phenotype/flower_development/refsets/hordeum/ERR2026446_2.fastq.gz
/nfs/scratch/daniel.lang/comparative_triticeae/raw/H.vulgare/ERR2026447_1.fastq.gz, /nfs/pgsb/projects/comparative_triticeae/phenotype/flower_development/refsets/hordeum/ERR2026447_1.fastq.gz
/nfs/scratch/daniel.lang/comparative_triticeae/raw/H.vulgare/ERR2026447_2.fastq.gz, /nfs/pgsb/projects/comparative_triticeae/phenotype/flower_development/refsets/hordeum/ERR2026447_2.fastq.gz
/nfs/scratch/daniel.lang/comparative_triticeae/raw/H.vulgare/ERR2026448_1.fastq.gz, /nfs/pgsb/projects/comparative_triticeae/phenotype/flower_development/refsets/hordeum/ERR2026448_1.fastq.gz
/nfs/scratch/daniel.lang/comparative_triticeae/raw/H.vulgare/ERR2026448_2.fastq.gz, /nfs/pgsb/projects/comparative_triticeae/phenotype/flower_development/refsets/hordeum/ERR2026448_2.fastq.gz
/nfs/scratch/daniel.lang/comparative_triticeae/raw/H.vulgare/ERR2026449_1.fastq.gz, /nfs/pgsb/projects/comparative_triticeae/phenotype/flower_development/refsets/hordeum/ERR2026449_1.fastq.gz
/nfs/scratch/daniel.lang/comparative_triticeae/raw/H.vulgare/ERR2026449_2.fastq.gz, /nfs/pgsb/projects/comparative_triticeae/phenotype/flower_development/refsets/hordeum/ERR2026449_2.fastq.gz
/nfs/scratch/daniel.lang/comparative_triticeae/raw/H.vulgare/ERR2026450_1.fastq.gz, /nfs/pgsb/projects/comparative_triticeae/phenotype/flower_development/refsets/hordeum/ERR2026450_1.fastq.gz
/nfs/scratch/daniel.lang/comparative_triticeae/raw/H.vulgare/ERR2026450_2.fastq.gz, /nfs/pgsb/projects/comparative_triticeae/phenotype/flower_development/refsets/hordeum/ERR2026450_2.fastq.gz
/nfs/scratch/daniel.lang/comparative_triticeae/raw/H.vulgare/ERR2026451_1.fastq.gz, /nfs/pgsb/projects/comparative_triticeae/phenotype/flower_development/refsets/hordeum/ERR2026451_1.fastq.gz
/nfs/scratch/daniel.lang/comparative_triticeae/raw/H.vulgare/ERR2026451_2.fastq.gz, /nfs/pgsb/projects/comparative_triticeae/phenotype/flower_development/refsets/hordeum/ERR2026451_2.fastq.gz
/nfs/scratch/daniel.lang/comparative_triticeae/raw/H.vulgare/ERR2026452_1.fastq.gz, /nfs/pgsb/projects/comparative_triticeae/phenotype/flower_development/refsets/hordeum/ERR2026452_1.fastq.gz
/nfs/scratch/daniel.lang/comparative_triticeae/raw/H.vulgare/ERR2026452_2.fastq.gz, /nfs/pgsb/projects/comparative_triticeae/phenotype/flower_development/refsets/hordeum/ERR2026452_2.fastq.gz
/nfs/scratch/daniel.lang/comparative_triticeae/raw/H.vulgare/ERR515180_1.fastq.gz, /nfs/pgsb/projects/comparative_triticeae/phenotype/flower_development/refsets/hordeum/ERR515180_1.fastq.gz
/nfs/scratch/daniel.lang/comparative_triticeae/raw/H.vulgare/ERR515180_2.fastq.gz, /nfs/pgsb/projects/comparative_triticeae/phenotype/flower_development/refsets/hordeum/ERR515180_2.fastq.gz
/nfs/scratch/daniel.lang/comparative_triticeae/raw/H.vulgare/ERR515181_1.fastq.gz, /nfs/pgsb/projects/comparative_triticeae/phenotype/flower_development/refsets/hordeum/ERR515181_1.fastq.gz
/nfs/scratch/daniel.lang/comparative_triticeae/raw/H.vulgare/ERR515181_2.fastq.gz, /nfs/pgsb/projects/comparative_triticeae/phenotype/flower_development/refsets/hordeum/ERR515181_2.fastq.gz
/nfs/scratch/daniel.lang/comparative_triticeae/raw/H.vulgare/ERR515182_1.fastq.gz, /nfs/pgsb/projects/comparative_triticeae/phenotype/flower_development/refsets/hordeum/ERR515182_1.fastq.gz
/nfs/scratch/daniel.lang/comparative_triticeae/raw/H.vulgare/ERR515182_2.fastq.gz, /nfs/pgsb/projects/comparative_triticeae/phenotype/flower_development/refsets/hordeum/ERR515182_2.fastq.gz
/nfs/scratch/daniel.lang/comparative_triticeae/raw/H.vulgare/ERR515183_1.fastq.gz, /nfs/pgsb/projects/comparative_triticeae/phenotype/flower_development/refsets/hordeum/ERR515183_1.fastq.gz
/nfs/scratch/daniel.lang/comparative_triticeae/raw/H.vulgare/ERR515183_2.fastq.gz, /nfs/pgsb/projects/comparative_triticeae/phenotype/flower_development/refsets/hordeum/ERR515183_2.fastq.gz
/nfs/scratch/daniel.lang/comparative_triticeae/raw/H.vulgare/ERR515184_1.fastq.gz, /nfs/pgsb/projects/comparative_triticeae/phenotype/flower_development/refsets/hordeum/ERR515184_1.fastq.gz
/nfs/scratch/daniel.lang/comparative_triticeae/raw/H.vulgare/ERR515184_2.fastq.gz, /nfs/pgsb/projects/comparative_triticeae/phenotype/flower_development/refsets/hordeum/ERR515184_2.fastq.gz
/nfs/scratch/daniel.lang/comparative_triticeae/raw/H.vulgare/ERR515185_1.fastq.gz, /nfs/pgsb/projects/comparative_triticeae/phenotype/flower_development/refsets/hordeum/ERR515185_1.fastq.gz
/nfs/scratch/daniel.lang/comparative_triticeae/raw/H.vulgare/ERR515185_2.fastq.gz, /nfs/pgsb/projects/comparative_triticeae/phenotype/flower_development/refsets/hordeum/ERR515185_2.fastq.gz
/nfs/scratch/daniel.lang/comparative_triticeae/raw/H.vulgare/ERR515186_1.fastq.gz, /nfs/pgsb/projects/comparative_triticeae/phenotype/flower_development/refsets/hordeum/ERR515186_1.fastq.gz
/nfs/scratch/daniel.lang/comparative_triticeae/raw/H.vulgare/ERR515186_2.fastq.gz, /nfs/pgsb/projects/comparative_triticeae/phenotype/flower_development/refsets/hordeum/ERR515186_2.fastq.gz
/nfs/scratch/daniel.lang/comparative_triticeae/raw/H.vulgare/ERR515187_1.fastq.gz, /nfs/pgsb/projects/comparative_triticeae/phenotype/flower_development/refsets/hordeum/ERR515187_1.fastq.gz
/nfs/scratch/daniel.lang/comparative_triticeae/raw/H.vulgare/ERR515187_2.fastq.gz, /nfs/pgsb/projects/comparative_triticeae/phenotype/flower_development/refsets/hordeum/ERR515187_2.fastq.gz
/nfs/scratch/daniel.lang/comparative_triticeae/raw/H.vulgare/ERR515188_1.fastq.gz, /nfs/pgsb/projects/comparative_triticeae/phenotype/flower_development/refsets/hordeum/ERR515188_1.fastq.gz
/nfs/scratch/daniel.lang/comparative_triticeae/raw/H.vulgare/ERR515188_2.fastq.gz, /nfs/pgsb/projects/comparative_triticeae/phenotype/flower_development/refsets/hordeum/ERR515188_2.fastq.gz
/nfs/scratch/daniel.lang/comparative_triticeae/raw/H.vulgare/ERR515189_1.fastq.gz, /nfs/pgsb/projects/comparative_triticeae/phenotype/flower_development/refsets/hordeum/ERR515189_1.fastq.gz
/nfs/scratch/daniel.lang/comparative_triticeae/raw/H.vulgare/ERR515189_2.fastq.gz, /nfs/pgsb/projects/comparative_triticeae/phenotype/flower_development/refsets/hordeum/ERR515189_2.fastq.gz
/nfs/scratch/daniel.lang/comparative_triticeae/raw/H.vulgare/ERR515190_1.fastq.gz, /nfs/pgsb/projects/comparative_triticeae/phenotype/flower_development/refsets/hordeum/ERR515190_1.fastq.gz
/nfs/scratch/daniel.lang/comparative_triticeae/raw/H.vulgare/ERR515190_2.fastq.gz, /nfs/pgsb/projects/comparative_triticeae/phenotype/flower_development/refsets/hordeum/ERR515190_2.fastq.gz
/nfs/scratch/daniel.lang/comparative_triticeae/raw/H.vulgare/ERR515191_1.fastq.gz, /nfs/pgsb/projects/comparative_triticeae/phenotype/flower_development/refsets/hordeum/ERR515191_1.fastq.gz
/nfs/scratch/daniel.lang/comparative_triticeae/raw/H.vulgare/ERR515191_2.fastq.gz, /nfs/pgsb/projects/comparative_triticeae/phenotype/flower_development/refsets/hordeum/ERR515191_2.fastq.gz
/nfs/scratch/daniel.lang/comparative_triticeae/raw/H.vulgare/ERR515192_1.fastq.gz, /nfs/pgsb/projects/comparative_triticeae/phenotype/flower_development/refsets/hordeum/ERR515192_1.fastq.gz
/nfs/scratch/daniel.lang/comparative_triticeae/raw/H.vulgare/ERR515192_2.fastq.gz, /nfs/pgsb/projects/comparative_triticeae/phenotype/flower_development/refsets/hordeum/ERR515192_2.fastq.gz
/nfs/scratch/daniel.lang/comparative_triticeae/raw/H.vulgare/ERR515193_1.fastq.gz, /nfs/pgsb/projects/comparative_triticeae/phenotype/flower_development/refsets/hordeum/ERR515193_1.fastq.gz
/nfs/scratch/daniel.lang/comparative_triticeae/raw/H.vulgare/ERR515193_2.fastq.gz, /nfs/pgsb/projects/comparative_triticeae/phenotype/flower_development/refsets/hordeum/ERR515193_2.fastq.gz
/nfs/scratch/daniel.lang/comparative_triticeae/raw/H.vulgare/ERR515194_1.fastq.gz, /nfs/pgsb/projects/comparative_triticeae/phenotype/flower_development/refsets/hordeum/ERR515194_1.fastq.gz
/nfs/scratch/daniel.lang/comparative_triticeae/raw/H.vulgare/ERR515194_2.fastq.gz, /nfs/pgsb/projects/comparative_triticeae/phenotype/flower_development/refsets/hordeum/ERR515194_2.fastq.gz
/nfs/scratch/daniel.lang/comparative_triticeae/raw/H.vulgare/ERR515195_1.fastq.gz, /nfs/pgsb/projects/comparative_triticeae/phenotype/flower_development/refsets/hordeum/ERR515195_1.fastq.gz
/nfs/scratch/daniel.lang/comparative_triticeae/raw/H.vulgare/ERR515195_2.fastq.gz, /nfs/pgsb/projects/comparative_triticeae/phenotype/flower_development/refsets/hordeum/ERR515195_2.fastq.gz
/nfs/scratch/daniel.lang/comparative_triticeae/raw/H.vulgare/ERR515196_1.fastq.gz, /nfs/pgsb/projects/comparative_triticeae/phenotype/flower_development/refsets/hordeum/ERR515196_1.fastq.gz
/nfs/scratch/daniel.lang/comparative_triticeae/raw/H.vulgare/ERR515196_2.fastq.gz, /nfs/pgsb/projects/comparative_triticeae/phenotype/flower_development/refsets/hordeum/ERR515196_2.fastq.gz
/nfs/scratch/daniel.lang/comparative_triticeae/raw/H.vulgare/ERR515197_1.fastq.gz, /nfs/pgsb/projects/comparative_triticeae/phenotype/flower_development/refsets/hordeum/ERR515197_1.fastq.gz
/nfs/scratch/daniel.lang/comparative_triticeae/raw/H.vulgare/ERR515197_2.fastq.gz, /nfs/pgsb/projects/comparative_triticeae/phenotype/flower_development/refsets/hordeum/ERR515197_2.fastq.gz
